SAFETY_NO,SAFETY_CODE,SAFETY_NM,SAFETY_ADDR,SAFETY_EMD,SAFETY_LONG,SAFETY_LAT,SAFETY_X,SAFETY_Y,SAFETY_GUBUN
SFT0023565,편의점(509010),GS25,서울특별시 마포구 도화4길 73,서울특별시 마포구 도화동 353,,,14132133.22,4514464.077,편의점
SFT0023570,편의점(509010),CU,서울특별시 마포구 마포대로 195,서울특별시 마포구 아현동 774,,,14132484.86,4516379.534,편의점
SFT0023586,편의점(509010),CU,서울특별시 마포구 숭문길 214,서울특별시 마포구 염리동 9-125,,,14131632.65,4516879.859,편의점
SFT0023590,편의점(509010),CU,서울특별시 마포구 매봉산로2길 1,서울특별시 마포구 상암동 2-222,,,14125840.62,4520128.488,편의점
SFT0023593,편의점(509010),세븐일레븐,서울특별시 마포구 대흥로30길 14,서울특별시 마포구 염리동 9-122,,,14131661.09,4516928.259,편의점
SFT0023734,편의점(509010),세븐일레븐,서울특별시 마포구 마포대로 109,서울특별시 마포구 공덕동 467,,,14132105.6,4515363.19,편의점
SFT0023758,편의점(509010),CU,서울특별시 마포구 백범로 178,서울특별시 마포구 공덕동 461,,,14132015.58,4515188.869,편의점
SFT0023878,편의점(509010),세븐일레븐마포연남중앙점,서울특별시 마포구 동교로 232,서울특별시 마포구 연남동 259-10,,,14129123.18,4517630.731,편의점
SFT0024059,편의점(509010),GS25,서울특별시 마포구 양화로21길 21,서울특별시 마포구 동교동 154-1,,,14129208.57,4517324.241,편의점
SFT0024063,편의점(509010),위드미이대역서희점,서울특별시 마포구 신촌로 160,서울특별시 마포구 대흥동 12-41,,,14131271.62,4516942.848,편의점
SFT0024080,편의점(509010),세븐일레븐상암DMC빌점,서울특별시 마포구 월드컵북로60길 13,서울특별시 마포구 상암동 1584,,,14124746.39,4520579.995,편의점
SFT0024214,편의점(509010),GS25,서울특별시 마포구 방울내로9안길 1,서울특별시 마포구 망원동 470-3,,,14126758.56,4517705.769,편의점
SFT0024219,편의점(509010),마포대우,서울특별시 마포구 월드컵로 204,서울특별시 마포구 성산동 591-1,,,14126678.34,4518210.976,편의점
SFT0024223,편의점(509010),CU,서울특별시 마포구 서강로3길 5,서울특별시 마포구 창전동 104-2,,,14129946.2,4515939.688,편의점
SFT0024237,편의점(509010),GS25,서울특별시 마포구 월드컵로 110,서울특별시 마포구 성산동 252-3,,,14127368.93,4517224.497,편의점
SFT0024371,편의점(509010),지에스월드컵경기장역,서울특별시 마포구 월드컵로 240,서울특별시 마포구 성산동 515,,,14126138.08,4518615.885,편의점
SFT0024441,대학교(502040),서강대학교 대학원,서울특별시 마포구 백범로 35,서울특별시 마포구 대흥동 22-60,,,14131269.73,4516366.164,대학교
SFT0024442,대학교(502040),서강대학교 미디어커뮤니케이션대학원,서울특별시 마포구 백범로 35,서울특별시 마포구 대흥동 22-60,,,14130973.17,4516236.64,대학교
SFT0024443,대학교(502040),서강대학교 메타버스전문대학원,서울특별시 마포구 백범로 35,서울특별시 마포구 대흥동 22-60,,,14130973.17,4516236.64,대학교
SFT0024527,편의점(509010),세븐일레븐망원본점,서울특별시 마포구 방울내로 65,서울특별시 마포구 망원동 436-18,,,14126724.98,4517451.045,편의점
SFT0024536,편의점(509010),세븐일레븐,서울특별시 마포구 창전로 64,서울특별시 마포구 신수동 105-86,,,14130104.26,4515777.025,편의점
SFT0024569,대학교(502040),서강대학교 공공정책대학원,서울특별시 마포구 백범로 35,서울특별시 마포구 대흥동 산 1-30,,,14131226.41,4516342.707,대학교
SFT0024570,대학교(502040),서강대학교 신학대학원,서울특별시 마포구 백범로 35,서울특별시 마포구 대흥동 22-60,,,14131264.43,4516314.611,대학교
SFT0024571,대학교(502040),서강대학교 국제대학원,서울특별시 마포구 백범로 35,서울특별시 마포구 대흥동 산 1-30,,,14131206.42,4516330.644,대학교
SFT0024572,대학교(502040),서강대학교 정보통신대학원,서울특별시 마포구 백범로 35,서울특별시 마포구 대흥동 43-7,,,14131081.94,4516037.349,대학교
SFT0024573,대학교(502040),서강대학교 교육대학원,서울특별시 마포구 백범로 35,서울특별시 마포구 대흥동 22-60,,,14131229.22,4516102.375,대학교
SFT0024574,대학교(502040),서강대학교 법학전문대학원,서울특별시 마포구 백범로 35,서울특별시 마포구 대흥동 22-60,,,14131256.45,4516271.093,대학교
SFT0024575,대학교(502040),서강대학교 경제대학원,"서울특별시 마포구 백범로 35 (신수동, 서강대학교)",서울특별시 마포구 신수동 1-1,,,14130887.75,4516112.203,대학교
SFT0024576,대학교(502040),서강대학교 기술경영전문대학원,"서울특별시 마포구 백범로 35 (신수동, 서강대학교)",서울특별시 마포구 신수동 1-1,,,14130851.91,4516102.806,대학교
SFT0024577,대학교(502040),서강대학교,"서울특별시 마포구 백범로 35 (신수동, 서강대학교)",서울특별시 마포구 신수동 1-1,,,14130903.19,4516205.768,대학교
SFT0024578,대학교(502040),서강대학교 경영전문대학원,"서울특별시 마포구 백범로 35 (신수동, 서강대학교)",서울특별시 마포구 신수동 1-1,,,14130830.38,4516414.442,대학교
SFT0024579,대학교(502040),홍익대학교 영상/ 커뮤니케이션대학원,서울특별시 마포구 와우산로 94,서울특별시 마포구 창전동 436-2,,,14129240.91,4516430.771,대학교
SFT0024580,대학교(502040),홍익대학교 건축도시대학원,서울특별시 마포구 와우산로 94,서울특별시 마포구 창전동 436-2,,,14129227.42,4516429.823,대학교
SFT0024581,대학교(502040),홍익대학교 광고홍보대학원,서울특별시 마포구 와우산로 94,서울특별시 마포구 창전동 436-2,,,14129195.46,4516394.985,대학교
SFT0024582,대학교(502040),홍익대학교 공연예술대학원,서울특별시 마포구 와우산로 94,서울특별시 마포구 창전동 436-2,,,14129219.43,4516413.75,대학교
SFT0024583,대학교(502040),홍익대학교 산업미술대학원,서울특별시 마포구 와우산로 94,서울특별시 마포구 창전동 436-2,,,14129210.78,4516398.345,대학교
SFT0024584,대학교(502040),홍익대학교 패션대학원,"서울특별시 마포구 와우산로 94 (상수동, 홍익대학교)",서울특별시 마포구 상수동 72-1,,,14129283.12,4516160.733,대학교
SFT0024585,대학교(502040),홍익대학교,"서울특별시 마포구 와우산로 94 (상수동, 홍익대학교)",서울특별시 마포구 상수동 72-1,,,14129187.46,4516378.242,대학교
SFT0024586,대학교(502040),홍익대학교 교육대학원,"서울특별시 마포구 와우산로 94 (상수동, 홍익대학교)",서울특별시 마포구 상수동 72-1,,,14129244.11,4516390.339,대학교
SFT0024587,대학교(502040),홍익대학교 경영대학원,"서울특별시 마포구 와우산로 94 (상수동, 홍익대학교)",서울특별시 마포구 상수동 72-1,,,14129174.81,4516362.836,대학교
SFT0024588,대학교(502040),홍익대학교 대학원,"서울특별시 마포구 와우산로 94 (상수동, 홍익대학교)",서울특별시 마포구 상수동 72-1,,,14129280.27,4516143.919,대학교
SFT0024589,대학교(502040),홍익대학교 국제디자인전문대학원,"서울특별시 마포구 와우산로 94 (상수동, 홍익대학교)",서울특별시 마포구 상수동 72-1,,,14129397.95,4516145.354,대학교
SFT0024590,대학교(502040),홍익대학교 문화예술경영대학원,"서울특별시 마포구 와우산로 94 (상수동, 홍익대학교)",서울특별시 마포구 상수동 72-1,,,14129406.09,4516134.566,대학교
SFT0024591,대학교(502040),홍익대학교 미술대학원,"서울특별시 마포구 와우산로 94 (상수동, 홍익대학교)",서울특별시 마포구 상수동 72-1,,,14129381.04,4516145.933,대학교
SFT0024727,편의점(509010),미니스톱,서울특별시 마포구 와우산로 94,서울특별시 마포구 상수동 72-1,,,14129217.67,4516414.637,편의점
SFT0024826,편의점(509010),CU,서울특별시 마포구 월드컵북로 118,서울특별시 마포구 성산동 52-17,,,14127944.93,4517972.681,편의점
SFT0024988,편의점(509010),미니스톱,서울특별시 마포구 희우정로20길 54,서울특별시 마포구 망원동 409-41,,,14126812.27,4516878.899,편의점
SFT0024992,편의점(509010),CU,서울특별시 마포구 연남로 10,서울특별시 마포구 연남동 373-9,,,14129044.68,4517553.908,편의점
SFT0025004,편의점(509010),CU,서울특별시 마포구 신촌로 170,서울특별시 마포구 대흥동 12-27,,,14131381.26,4516940.29,편의점
SFT0025171,편의점(509010),GS25,서울특별시 마포구 백범로 84,서울특별시 마포구 대흥동 316-1,,,14130968.18,4515802.018,편의점
SFT0025304,편의점(509010),GS25,서울특별시 마포구 월드컵로 126,서울특별시 마포구 성산동 260-39,,,14127249.85,4517388.86,편의점
SFT0025327,편의점(509010),세븐일레븐상암누리꿈스퀘어점,서울특별시 마포구 월드컵북로 396,서울특별시 마포구 상암동 1605,,,14125309.3,4520190.54,편의점
SFT0025466,편의점(509010),GS25,서울특별시 마포구 광성로6안길 18,서울특별시 마포구 신수동 89-93,,,14130641.2,4515864.099,편의점
SFT0025471,편의점(509010),GS25마포하이엘점,서울특별시 마포구 마포대로 173,서울특별시 마포구 공덕동 463,,,14132503.8,4516034.355,편의점
SFT0025622,편의점(509010),CU,서울특별시 마포구 만리재로 45,서울특별시 마포구 신공덕동 12-6,,,14132629.02,4515419.645,편의점
SFT0025632,편의점(509010),GS25,서울특별시 마포구 신수로 28,서울특별시 마포구 현석동 47,,,14130266.86,4515210.857,편의점
SFT0025659,편의점(509010),LoGin편의점,서울특별시 마포구 월드컵북로44길 78,서울특별시 마포구 상암동 12-10,,,14125738.19,4519942.497,편의점
SFT0025781,편의점(509010),세븐일레븐,서울특별시 마포구 성암로 301,서울특별시 마포구 상암동 1595,,,14125132.99,4520607.379,편의점
SFT0025789,편의점(509010),GS25,서울특별시 마포구 성지길 36,서울특별시 마포구 합정동 375-11,,,14127887.27,4515649.045,편의점
SFT0025810,편의점(509010),CU,서울특별시 마포구 만리재옛길 21,서울특별시 마포구 공덕동 242-89,,,14132596.73,4515491.394,편의점
SFT0025815,편의점(509010),CU마포애오개점,서울특별시 마포구 마포대로16길 4,서울특별시 마포구 공덕동 105-97,,,14132671,4516180.449,편의점
SFT0025978,편의점(509010),GS25,서울특별시 마포구 마포대로8길 9,서울특별시 마포구 공덕동 249-12,,,14132445.9,4515574.471,편의점
SFT0025986,편의점(509010),GS25,서울특별시 마포구 백범로1길 84,서울특별시 마포구 노고산동 19-1,,,14131024.22,4516870.464,편의점
SFT0026041,편의점(509010),CU,서울특별시 마포구 잔다리로 96,서울특별시 마포구 서교동 459-1,,,14128150.48,4516861.597,편의점
SFT0026053,편의점(509010),FOODFOCUS,서울특별시 마포구 매봉산로 31,서울특별시 마포구 상암동 1648,,,14125325.62,4519660.447,편의점
SFT0026059,편의점(509010),GS25상수사랑점,서울특별시 마포구 독막로18길 5,서울특별시 마포구 상수동 396,,,14129145.25,4515693.938,편의점
SFT0026065,편의점(509010),CU,서울특별시 마포구 월드컵북로 481,서울특별시 마포구 상암동 1748,,,14124313.5,4520735.567,편의점
SFT0026071,편의점(509010),GS25자판기공덕삼성점,서울특별시 마포구 마포대로 115-8,서울특별시 마포구 공덕동 371,,,14132076.65,4515474.192,편의점
SFT0026075,편의점(509010),CU,서울특별시 마포구 성암로 267,서울특별시 마포구 상암동 1603,,,14125437.69,4520418.614,편의점
SFT0026082,편의점(509010),굿타임24홍대플러스점,서울특별시 마포구 잔다리로6길 39,서울특별시 마포구 서교동 369-5,,,14128821.09,4516391.097,편의점
SFT0026105,편의점(509010),GS25대흥사랑점,서울특별시 마포구 큰우물로 18,서울특별시 마포구 대흥동 778-1,,,14131026.02,4515249.832,편의점
SFT0026251,편의점(509010),지에스25상암아이티타워,서울특별시 마포구 월드컵북로 434,서울특별시 마포구 상암동 1590,,,14124888.62,4520489.295,편의점
SFT0026447,편의점(509010),세븐일레븐,서울특별시 마포구 망원로6길 49,서울특별시 마포구 망원동 404-7,,,14126880.91,4516717.754,편의점
SFT0026482,편의점(509010),GS25,서울특별시 마포구 희우정로 21,서울특별시 마포구 합정동 398-15,,,14127344.62,4515948.886,편의점
SFT0026496,편의점(509010),GS25,서울특별시 마포구 모래내로3길 4,서울특별시 마포구 성산동 597,,,14127088.98,4518114.554,편의점
SFT0026634,편의점(509010),GS25공덕대우점,서울특별시 마포구 백범로 199,서울특별시 마포구 신공덕동 167,,,14132331.11,4515134.211,편의점
SFT0026638,편의점(509010),비지에프리테일신촌아이비점,서울특별시 마포구 서강로 136,서울특별시 마포구 노고산동 106-5,,,14130426.12,4516615.696,편의점
SFT0026667,편의점(509010),씨유홍대한벗,서울특별시 마포구 와우산로23길 14,서울특별시 마포구 서교동 342-12,,,14129169.26,4516572.23,편의점
SFT0026675,편의점(509010),세븐일레븐홍대중앙점,서울특별시 마포구 어울마당로 130,서울특별시 마포구 서교동 347-21,,,14129170.97,4516864.516,편의점
SFT0026700,편의점(509010),GS25,서울특별시 마포구 희우정로 19,서울특별시 마포구 합정동 398-16,,,14127361.17,4515933.898,편의점
SFT0026824,편의점(509010),GS25,서울특별시 마포구 마포대로 167,서울특별시 마포구 공덕동 469,,,14132405.87,4516004.162,편의점
SFT0027007,편의점(509010),세븐일레븐,서울특별시 마포구 월드컵로 240,서울특별시 마포구 성산동 515,,,14126138.08,4518615.885,편의점
SFT0027036,편의점(509010),GS25홍대블루점,서울특별시 마포구 와우산로 1,서울특별시 마포구 상수동 395,,,14128933.5,4515262.642,편의점
SFT0027218,편의점(509010),GS25,서울특별시 마포구 신촌로20길 12,서울특별시 마포구 노고산동 31-23,,,14130692.31,4516695.897,편의점
SFT0027225,편의점(509010),신동아편의점,서울특별시 마포구 토정로 144,서울특별시 마포구 상수동 281-1,,,14129432.07,4515397.405,편의점
SFT0027250,자살예방센터(504080),마포구정신건강복지센터,서울특별시 마포구 성산로 4길 15 성산1동주민센터 3층,서울특별시 마포구 성산동 275-3,,,14127322.32,4517926.726,복지시설
SFT0027401,편의점(509010),GS25편의점편의점,서울특별시 마포구 월드컵북로 434,서울특별시 마포구 상암동 1590,,,14124888.62,4520489.295,편의점
SFT0027553,편의점(509010),CU,서울특별시 마포구 대흥로 169,서울특별시 마포구 대흥동 18-1,,,14131527.17,4516623.096,편의점
SFT0027564,편의점(509010),세븐일레븐S애오개점,서울특별시 마포구 마포대로 210,서울특별시 마포구 아현동 612,,,14132744.09,4516520.333,편의점
SFT0027566,편의점(509010),위드미,서울특별시 마포구 마포대로 108-1,서울특별시 마포구 공덕동 255-6,,,14132216.25,4515268.285,편의점
SFT0027581,편의점(509010),현대할인마트,서울특별시 마포구 대흥로21길 11,서울특별시 마포구 대흥동 20-10,,,14131471.71,4516512.398,편의점
SFT0027582,편의점(509010),세븐일레븐,서울특별시 마포구 성암로3길 27,서울특별시 마포구 중동 355-2,,,14127683,4518613.731,편의점
SFT0027590,편의점(509010),세븐일레븐염리2호점,서울특별시 마포구 독막로 291,서울특별시 마포구 염리동 161-7,,,14131505.31,4515309.639,편의점
SFT0027739,편의점(509010),GS25,서울특별시 마포구 와우산로11길 28,서울특별시 마포구 상수동 312-4,,,14128825.75,4515872.438,편의점
SFT0027740,편의점(509010),코리아세븐마포성산초교점,서울특별시 마포구 동교로 92,서울특별시 마포구 서교동 480-1,,,14127821.65,4516642.693,편의점
SFT0027757,편의점(509010),세븐일레븐상암휴먼시아점,서울특별시 마포구 월드컵북로43길 11,서울특별시 마포구 상암동 1630,,,14125963.78,4519512.334,편의점
SFT0027764,편의점(509010),CU,서울특별시 마포구 마포대로 73,서울특별시 마포구 도화동 556,,,14131892.06,4514968.633,편의점
SFT0027767,편의점(509010),CU,서울특별시 마포구 와우산로 12,서울특별시 마포구 상수동 345-3,,,14129018.52,4515429.343,편의점
SFT0027768,편의점(509010),세븐일레븐,서울특별시 마포구 어울마당로 26,서울특별시 마포구 당인동 12-1,,,14128660.21,4515697.209,편의점
SFT0027770,편의점(509010),코리아세븐상암월드컵단지점,서울특별시 마포구 상암산로1길 57,서울특별시 마포구 상암동 1689,,,14124800.61,4520257.898,편의점
SFT0027929,편의점(509010),GS25에스6상수역점,서울특별시 마포구 독막로 85,서울특별시 마포구 상수동 309-10,,,14128935.66,4515735.806,편의점
SFT0027932,편의점(509010),GS25,서울특별시 마포구 백범로 152,서울특별시 마포구 공덕동 476,,,14131830.4,4515301.91,편의점
SFT0027934,편의점(509010),세븐일레븐망원2호점,서울특별시 마포구 월드컵로 161,서울특별시 마포구 망원동 472-15,,,14126933.44,4517728.063,편의점
SFT0027940,편의점(509010),CU,서울특별시 마포구 방울내로 38,서울특별시 마포구 망원동 431-43,,,14126465.03,4517268.322,편의점
SFT0027959,편의점(509010),세븐일레븐합정역본점,서울특별시 마포구 월드컵로1길 40,서울특별시 마포구 합정동 388-32,,,14127639.17,4515970.03,편의점
SFT0027969,편의점(509010),위드미,서울특별시 마포구 모래내로9길 6,서울특별시 마포구 성산동 667,,,14128031.29,4518460.863,편의점
SFT0027972,편의점(509010),지에스25공덕제니스,서울특별시 마포구 마포대로7길 23,서울특별시 마포구 공덕동 373-9,,,14132213.07,4515668.014,편의점
SFT0028127,편의점(509010),GS25마포성산로점,서울특별시 마포구 월드컵북로 204,서울특별시 마포구 성산동 148-51,,,14127148.85,4518711.268,편의점
SFT0028140,편의점(509010),이마트,서울특별시 마포구 양화로6길 39,서울특별시 마포구 서교동 394-14,,,14128268.47,4515912.812,편의점
SFT0028147,편의점(509010),CU,서울특별시 마포구 월드컵로31길 11,서울특별시 마포구 망원동 473-2,,,14126897.58,4517669.438,편의점
SFT0028150,편의점(509010),GS25,서울특별시 마포구 와우산로 53,서울특별시 마포구 상수동 91-2,,,14128987.45,4515943.882,편의점
SFT0028151,편의점(509010),CU,서울특별시 마포구 만리재로 111,서울특별시 마포구 공덕동 29-5,,,14133157.38,4516058.081,편의점
SFT0028159,편의점(509010),GS25,서울특별시 마포구 성미산로 158,서울특별시 마포구 연남동 239-46,,,14129091.7,4518070.713,편의점
SFT0028164,편의점(509010),CU,서울특별시 마포구 고산길 30,서울특별시 마포구 노고산동 12-74,,,14130761.66,4516579.019,편의점
SFT0028169,편의점(509010),GS25,서울특별시 마포구 월드컵북로54길 17,서울특별시 마포구 상암동 1597,,,14125166.39,4520447.036,편의점
SFT0028322,편의점(509010),GS25마포현대점,서울특별시 마포구 토정로 233,서울특별시 마포구 신수동 442-1,,,14130512.31,4515227.564,편의점
SFT0028335,편의점(509010),GS25,서울특별시 마포구 월드컵로 190,서울특별시 마포구 성산동 592,,,14126815.14,4517932.93,편의점
SFT0028344,편의점(509010),세븐일레븐서강쌍용예가점,서울특별시 마포구 독막로 147-10,서울특별시 마포구 창전동 299,,,14129817.16,4515764.893,편의점
SFT0028353,편의점(509010),미니스톱,서울특별시 마포구 월드컵로36길 50,서울특별시 마포구 성산동 160-4,,,14127069.31,4518615.429,편의점
SFT0028360,편의점(509010),GS25,서울특별시 마포구 마포대로 155,서울특별시 마포구 공덕동 275,,,14132414.23,4515818.282,편의점
SFT0028363,편의점(509010),CU,서울특별시 마포구 양화로6길 67,서울특별시 마포구 서교동 399-24,,,14128445.36,4515866.783,편의점
SFT0028500,편의점(509010),한샘아현키친프라자점,서울특별시 마포구 마포대로 262,서울특별시 마포구 아현동 692,,,14133028.97,4516963.804,편의점
SFT0028507,편의점(509010),GS리테일GS25월드컵,서울특별시 마포구 월드컵로 240,서울특별시 마포구 성산동 515,,,14126138.08,4518615.885,편의점
SFT0028510,편의점(509010),CU,서울특별시 마포구 상암산로1길 69,서울특별시 마포구 상암동 1687,,,14124599.95,4520280.817,편의점
SFT0028527,편의점(509010),세븐일레븐마포성산점,서울특별시 마포구 성미산로 23,서울특별시 마포구 성산동 245-31,,,14127651.84,4517274.609,편의점
SFT0028532,편의점(509010),GS25,서울특별시 마포구 매봉산로 75,서울특별시 마포구 상암동 1610,,,14125651.31,4520043.984,편의점
SFT0028553,편의점(509010),GS25,서울특별시 마포구 월드컵로 196,서울특별시 마포구 성산동 591-4,,,14126747.37,4518125.739,편의점
SFT0028556,편의점(509010),세븐일레븐,서울특별시 마포구 신촌로6길 24,서울특별시 마포구 동교동 177-13,,,14129753.51,4516934.456,편의점
SFT0028557,편의점(509010),GS25,서울특별시 마포구 마포대로 115-8,서울특별시 마포구 공덕동 371,,,14132076.65,4515474.192,편의점
SFT0028668,편의점(509010),세븐일레븐마포토정로점,서울특별시 마포구 토정로32길 12,서울특별시 마포구 토정동 3-17,,,14130979.37,4514692.697,편의점
SFT0028671,편의점(509010),CU,서울특별시 마포구 월드컵북로47길 37,서울특별시 마포구 상암동 1641,,,14125359.5,4519352.054,편의점
SFT0028703,편의점(509010),CU,서울특별시 마포구 상암산로1길 24,서울특별시 마포구 상암동 1655,,,14125254.36,4519932.968,편의점
SFT0028710,편의점(509010),GS25,서울특별시 마포구 광성로4길 11-10,서울특별시 마포구 신수동 88-16,,,14130669.02,4515966.89,편의점
SFT0028737,편의점(509010),위드미성산월드점,서울특별시 마포구 새터산길 1,서울특별시 마포구 성산동 200-361,,,14127237.32,4518144.126,편의점
SFT0028866,편의점(509010),CU,서울특별시 마포구 월드컵북로 347,서울특별시 마포구 상암동 115-11,,,14125686.28,4519748.248,편의점
SFT0028871,편의점(509010),GS25,서울특별시 마포구 월드컵북로6길 69,서울특별시 마포구 연남동 567-11,,,14128863.56,4517415.169,편의점
SFT0028875,편의점(509010),세븐일레븐401F41메세나폴리스몰점,서울특별시 마포구 양화로 45,서울특별시 마포구 서교동 490,,,14127994.89,4516258.821,편의점
SFT0028890,편의점(509010),CU마포인텔리안점,서울특별시 마포구 마포대로 208,서울특별시 마포구 아현동 733,,,14132769.34,4516401.686,편의점
SFT0029047,편의점(509010),씨앤씨유통,서울특별시 마포구 잔다리로 94,서울특별시 마포구 서교동 459-9,,,14128160.75,4516845.268,편의점
SFT0029077,편의점(509010),CU,서울특별시 마포구 광성로 17,서울특별시 마포구 신수동 462,,,14130395.58,4516083.973,편의점
SFT0029193,편의점(509010),CU,서울특별시 마포구 망원로 95,서울특별시 마포구 망원동 483-22,,,14127254.92,4517168.759,편의점
SFT0029197,편의점(509010),인더라인25시,서울특별시 마포구 마포대로14길 9,서울특별시 마포구 공덕동 105-237,,,14132655.56,4515867.786,편의점
SFT0029214,편의점(509010),CU,서울특별시 마포구 월드컵로29길 58,서울특별시 마포구 망원동 433-6,,,14126791.93,4517327.831,편의점
SFT0029221,편의점(509010),CU,서울특별시 마포구 마포대로11길 46,서울특별시 마포구 공덕동 182-13,,,14132199.71,4515963.902,편의점
SFT0029434,편의점(509010),CU,서울특별시 마포구 만리재옛길 66-1,서울특별시 마포구 공덕동 21-4,,,14132929.28,4515950.539,편의점
SFT0029477,편의점(509010),세븐일레븐,서울특별시 마포구 성미산로 142,서울특별시 마포구 연남동 252-1,,,14128925.31,4517966.303,편의점
SFT0029598,편의점(509010),엔씨유통,서울특별시 마포구 양화진길 51,서울특별시 마포구 합정동 376-13,,,14127796.6,4515536.664,편의점
SFT0029605,편의점(509010),CU홍익인간점,서울특별시 마포구 양화로 183,서울특별시 마포구 동교동 155-27,,,14129241.22,4517223.393,편의점
SFT0029608,편의점(509010),GS25,서울특별시 마포구 독막로2길 13,서울특별시 마포구 합정동 366-2,,,14128089.98,4515767.786,편의점
SFT0029609,편의점(509010),지에스25내,서울특별시 마포구 성산로 124,서울특별시 마포구 성산동 275-1,,,14127276.89,4517991.477,편의점
SFT0029656,편의점(509010),GS25,서울특별시 마포구 백범로 135,서울특별시 마포구 염리동 148-9,,,14131573.47,4515522.938,편의점
SFT0029803,편의점(509010),GS25,서울특별시 마포구 토정로 136,서울특별시 마포구 상수동 271,,,14129371.74,4515385.328,편의점
SFT0029808,편의점(509010),CU,서울특별시 마포구 월드컵북로16길 14,서울특별시 마포구 성산동 113-3,,,14128122.79,4517845.678,편의점
SFT0029843,편의점(509010),세븐일레븐용강점,서울특별시 마포구 대흥로 36,서울특별시 마포구 용강동 494-10,,,14130751.94,4515202.452,편의점
SFT0029851,편의점(509010),인더라인25,서울특별시 마포구 마포나루길 407,서울특별시 마포구 망원동 205-5,,,14125768.02,4516860.285,편의점
SFT0030006,편의점(509010),CU,서울특별시 마포구 도화2안길 9-1,서울특별시 마포구 도화동 7-8,,,14131896.32,4514585.387,편의점
SFT0030029,편의점(509010),GS25,서울특별시 마포구 월드컵로 240,서울특별시 마포구 성산동 515,,,14126138.08,4518615.885,편의점
SFT0030032,편의점(509010),CU공덕삼성점,서울특별시 마포구 백범로37길 12,서울특별시 마포구 신공덕동 155,,,14132548.87,4515149.294,편의점
SFT0030171,편의점(509010),지에스마포사랑,서울특별시 마포구 마포대로4라길 32,서울특별시 마포구 마포동 292-64,,,14131598.07,4514221.525,편의점
SFT0030176,편의점(509010),씨유홍대학사,서울특별시 마포구 독막로19길 42-18,서울특별시 마포구 상수동 88-5,,,14129113.82,4516019.978,편의점
SFT0030191,편의점(509010),CU,서울특별시 마포구 포은로 27,서울특별시 마포구 합정동 395-1,,,14127345.68,4516075.412,편의점
SFT0030204,편의점(509010),세븐일레븐마포KCC웰츠타워점,서울특별시 마포구 백범로 202,서울특별시 마포구 신공덕동 171,,,14132281.72,4515043.841,편의점
SFT0030211,편의점(509010),이마트,서울특별시 마포구 성미산로 91,서울특별시 마포구 성산동 624-19,,,14128404.99,4517630.041,편의점
SFT0030217,편의점(509010),GS25,서울특별시 마포구 월드컵북로12안길 74,서울특별시 마포구 성산동 49-1,,,14127925.63,4518116.711,편의점
SFT0030230,편의점(509010),CU,서울특별시 마포구 서강로 136,서울특별시 마포구 노고산동 106-5,,,14130426.12,4516615.696,편의점
SFT0030257,편의점(509010),세븐일레븐홍대신화점,서울특별시 마포구 홍익로 10,서울특별시 마포구 서교동 486,,,14129086.12,4516571.275,편의점
SFT0030362,편의점(509010),CU,서울특별시 마포구 서강대길 12,서울특별시 마포구 신수동 27-2,,,14130884.71,4515942.767,편의점
SFT0030392,편의점(509010),세븐일레븐,서울특별시 마포구 성미산로23길 16-5,서울특별시 마포구 연남동 246-19,,,14128823.12,4518087.867,편의점
SFT0030406,편의점(509010),GS25,서울특별시 마포구 연희로1길 45,서울특별시 마포구 연남동 383-38,,,14129327.66,4517598.915,편의점
SFT0030418,편의점(509010),미니스톱상암센트럴점,서울특별시 마포구 월드컵북로 375,서울특별시 마포구 상암동 1654,,,14125422.4,4519896.993,편의점
SFT0030563,편의점(509010),세븐일레븐,서울특별시 마포구 동교로9길 83,서울특별시 마포구 망원동 57-369,,,14127346.98,4517052.164,편의점
SFT0030587,편의점(509010),GS25,서울특별시 마포구 성미산로 60,서울특별시 마포구 성산동 239-1,,,14128105.76,4517354.533,편의점
SFT0030597,편의점(509010),GS25,서울특별시 마포구 성미산로 191,서울특별시 마포구 연남동 226-23,,,14129397.67,4517869.237,편의점
SFT0030621,편의점(509010),세븐일레븐,서울특별시 마포구 월드컵로34길 20,서울특별시 마포구 성산동 593-3,,,14126943.01,4518206.485,편의점
SFT0030753,편의점(509010),GS25,서울특별시 마포구 동교로17안길 51,서울특별시 마포구 서교동 448-25,,,14128529.72,4516971,편의점
SFT0030821,편의점(509010),CU,서울특별시 마포구 새창로 52,서울특별시 마포구 도화동 357,,,14132646.57,4514630.466,편의점
SFT0030832,편의점(509010),이마트,서울특별시 마포구 대흥로24길 24,서울특별시 마포구 염리동 14-149,,,14131669.25,4516648.734,편의점
SFT0030844,편의점(509010),GS25,서울특별시 마포구 월드컵북로 233,서울특별시 마포구 성산동 446,,,14126788.45,4518819.676,편의점
SFT0030915,편의점(509010),GS25,서울특별시 마포구 성미산로1길 71,서울특별시 마포구 성산동 263-3,,,14127143.19,4517568.554,편의점
SFT0030925,편의점(509010),GS25아현시장점,서울특별시 마포구 신촌로30길 5,서울특별시 마포구 아현동 346-33,,,14132253.79,4516993.113,편의점
SFT0030928,편의점(509010),GS25상암타운,서울특별시 마포구 매봉산로2길 45,서울특별시 마포구 상암동 21-3,,,14125987.1,4519888.486,편의점
SFT0030983,편의점(509010),코리아세븐마포중동점,서울특별시 마포구 성암로7길 22,서울특별시 마포구 중동 39-9,,,14127162.9,4518803.811,편의점
SFT0030996,편의점(509010),에이알,서울특별시 마포구 양화로 160,서울특별시 마포구 동교동 165,,,14129077.28,4517015.269,편의점
SFT0031007,편의점(509010),GS25,서울특별시 마포구 방울내로1길 24,서울특별시 마포구 망원동 439-1,,,14126246.18,4517344.195,편의점
SFT0031036,편의점(509010),CU,서울특별시 마포구 잔다리로 125,서울특별시 마포구 서교동 470-17,,,14127903.81,4517166.193,편의점
SFT0031120,편의점(509010),진성수퍼,서울특별시 마포구 월드컵로 207,서울특별시 마포구 성산동 595,,,14126610.39,4518095.027,편의점
SFT0031190,편의점(509010),GS25,서울특별시 마포구 성미산로 33,서울특별시 마포구 성산동 244-9,,,14127771.15,4517307.629,편의점
SFT0031193,편의점(509010),코리아세븐중동성사길점,서울특별시 마포구 성암로3길 27,서울특별시 마포구 중동 355-2,,,14127683,4518613.731,편의점
SFT0031303,편의점(509010),세븐일레븐,서울특별시 마포구 서강로9길 60,서울특별시 마포구 창전동 5-138,,,14129839.32,4516700.103,편의점
SFT0031347,편의점(509010),굿타임,서울특별시 마포구 잔다리로6길 39,서울특별시 마포구 서교동 369-5,,,14128821.09,4516391.097,편의점
SFT0031364,편의점(509010),씨유서교제일,서울특별시 마포구 월드컵북로1길 42,서울특별시 마포구 서교동 375-37,,,14128577.51,4516648.918,편의점
SFT0031496,편의점(509010),CU,서울특별시 마포구 연남로 97,서울특별시 마포구 연남동 480-2,,,14128383.29,4518423.182,편의점
SFT0031563,편의점(509010),수다CUP&TEA,서울특별시 마포구 동교로19길 52,서울특별시 마포구 서교동 449-21,,,14128359.14,4517123.39,편의점
SFT0031565,편의점(509010),해피타임,서울특별시 마포구 독막로3길 33,서울특별시 마포구 서교동 395-68,,,14128359.27,4516013.808,편의점
SFT0031574,편의점(509010),함께커피FARMTOCUP,서울특별시 마포구 월드컵북로 361,서울특별시 마포구 상암동 1653,,,14125453.08,4519860.654,편의점
SFT0031609,편의점(509010),GS25,서울특별시 마포구 숭문길 41,서울특별시 마포구 염리동 82-6,,,14131487.07,4515814.203,편의점
SFT0031617,편의점(509010),CU,서울특별시 마포구 신촌로34길 7,서울특별시 마포구 아현동 330-21,,,14132518.15,4517013.782,편의점
SFT0031697,편의점(509010),미니스톱,서울특별시 마포구 신촌로30길 5,서울특별시 마포구 아현동 346-33,,,14132253.79,4516993.113,편의점
SFT0031712,편의점(509010),CU,서울특별시 마포구 독막로32길 46-12,서울특별시 마포구 신수동 225,,,14130599.48,4515429.698,편의점
SFT0031751,편의점(509010),코리아세븐서강대,서울특별시 마포구 백범로 13,서울특별시 마포구 노고산동 31-90,,,14130616.05,4516531.82,편의점
SFT0031760,편의점(509010),세븐일레븐,서울특별시 마포구 와우산로 63,서울특별시 마포구 서교동 407-3,,,14128988.34,4516086.853,편의점
SFT0031896,편의점(509010),세븐일레븐아현점,서울특별시 마포구 마포대로 213-1,서울특별시 마포구 아현동 613-1,,,14132702.74,4516499.628,편의점
SFT0031913,편의점(509010),아이지에이웍스,서울특별시 마포구 양화로 45,서울특별시 마포구 서교동 490,,,14127994.89,4516258.821,편의점
SFT0031921,편의점(509010),CU,서울특별시 마포구 숭문길 98,서울특별시 마포구 염리동 45,,,14131630.17,4516086.553,편의점
SFT0032096,편의점(509010),CU,서울특별시 마포구 독막로42길 7,서울특별시 마포구 염리동 173-3,,,14131583.04,4515116.962,편의점
SFT0032099,편의점(509010),CU,서울특별시 마포구 토정로 319,서울특별시 마포구 용강동 40-2,,,14131364.56,4514603.439,편의점
SFT0032155,편의점(509010),GS25홍대골목길점,서울특별시 마포구 홍익로5안길 42,서울특별시 마포구 서교동 370-22,,,14128730.68,4516474.822,편의점
SFT0032167,편의점(509010),엘지이십오마포공덕점,서울특별시 마포구 마포대로8길 9,서울특별시 마포구 공덕동 249-12,,,14132445.9,4515574.471,편의점
SFT0032178,편의점(509010),세븐일레븐,서울특별시 마포구 고산길 85,서울특별시 마포구 노고산동 19-32,,,14131067.31,4516735.571,편의점
SFT0032194,편의점(509010),GS25연남공원점,서울특별시 마포구 동교로29길 32,서울특별시 마포구 연남동 257-23,,,14129032.65,4517724.59,편의점
SFT0032213,편의점(509010),세븐일레븐마포망원역점,서울특별시 마포구 월드컵로13길 9,서울특별시 마포구 망원동 378-1,,,14127527.16,4516832.846,편의점
SFT0032215,편의점(509010),CU,서울특별시 마포구 성암로 330,서울특별시 마포구 상암동 1580,,,14124821.13,4520974.52,편의점
SFT0032223,편의점(509010),CU,서울특별시 마포구 마포대로 19,서울특별시 마포구 마포동 34-1,,,14131375.69,4514508.692,편의점
SFT0032256,편의점(509010),미니스톱,서울특별시 마포구 신촌로 270,서울특별시 마포구 아현동 329-1,,,14132643.75,4517049.347,편의점
SFT0032259,편의점(509010),CU,서울특별시 마포구 와우산로23길 14,서울특별시 마포구 서교동 342-12,,,14129169.26,4516572.23,편의점
SFT0032345,편의점(509010),CU,서울특별시 마포구 큰우물로 18,서울특별시 마포구 대흥동 778-1,,,14131026.02,4515249.832,편의점
SFT0032352,편의점(509010),위드미,서울특별시 마포구 신촌로4길 5-18,서울특별시 마포구 동교동 178-13,,,14129709.29,4517056.68,편의점
SFT0032377,편의점(509010),미니스톱,서울특별시 마포구 서강대길 40,서울특별시 마포구 대흥동 804,,,14131014.46,4515944.236,편의점
SFT0032409,편의점(509010),세븐일레븐마포홍익점,서울특별시 마포구 홍익로6길 52,서울특별시 마포구 동교동 164-23,,,14129157.58,4516933.951,편의점
SFT0032448,편의점(509010),CU,서울특별시 마포구 상암산로 48-6,서울특별시 마포구 상암동 1651,,,14125339.88,4519841.594,편의점
SFT0032478,편의점(509010),GS25,서울특별시 마포구 성미산로13길 96,서울특별시 마포구 성산동 610-1,,,14128255.08,4518176.209,편의점
SFT0032489,편의점(509010),지에스25상암8단지,서울특별시 마포구 월드컵로42길 14,서울특별시 마포구 상암동 1674,,,14124463.18,4520017.199,편의점
SFT0032499,편의점(509010),GS25현석리버뷰점,서울특별시 마포구 신수로 5,서울특별시 마포구 현석동 227,,,14130209.2,4514962.255,편의점
SFT0032503,편의점(509010),지에스월드컵경기장역,서울특별시 마포구 월드컵로 240,서울특별시 마포구 성산동 420,,,14126333.21,4518848.497,편의점
SFT0032513,편의점(509010),위드미,서울특별시 마포구 희우정로7길 12,서울특별시 마포구 합정동 443-17,,,14127041.91,4516197.115,편의점
SFT0032534,편의점(509010),GS25센티움점,서울특별시 마포구 월드컵로36길 14,서울특별시 마포구 성산동 590-1,,,14126779.49,4518289.351,편의점
SFT0032657,편의점(509010),세븐일레븐,서울특별시 마포구 신촌로 90,서울특별시 마포구 노고산동 31-11,,,14130465.54,4516807.193,편의점
SFT0032688,편의점(509010),CU,서울특별시 마포구 성지3길 19,서울특별시 마포구 합정동 371-24,,,14128021.39,4515597.467,편의점
SFT0032698,편의점(509010),세븐일레븐,서울특별시 마포구 독막로 270,서울특별시 마포구 대흥동 428-3,,,14131261.97,4515440.992,편의점
SFT0032716,편의점(509010),워드미,서울특별시 마포구 신촌로10길 28,서울특별시 마포구 동교동 190-55,,,14129998.06,4516811.991,편의점
SFT0032717,편의점(509010),GS25,서울특별시 마포구 백범로 35,서울특별시 마포구 신수동 1-1,,,14131235.17,4516259.223,편의점
SFT0032742,편의점(509010),CU,서울특별시 마포구 독막로 282,서울특별시 마포구 대흥동 488-1,,,14131377.6,4515352.476,편의점
SFT0032766,편의점(509010),세븐일레븐,서울특별시 마포구 마포대로 33,서울특별시 마포구 도화동 555,,,14131507.6,4514653.12,편의점
SFT0032770,편의점(509010),CU,서울특별시 마포구 월드컵북로 78,서울특별시 마포구 성산동 209-1,,,14128239.36,4517569.919,편의점
SFT0032806,편의점(509010),세븐일레븐,서울특별시 마포구 토정로31길 23,서울특별시 마포구 용강동 502,,,14131076.81,4514877.223,편의점
SFT0032838,편의점(509010),CU대흥역점,서울특별시 마포구 백범로 96,서울특별시 마포구 대흥동 267-1,,,14131122.8,4515719.005,편의점
SFT0032880,편의점(509010),CU,서울특별시 마포구 효창원로 249,서울특별시 마포구 공덕동 7-137,,,14133504.75,4515973.374,편의점
SFT0032896,편의점(509010),GS25,서울특별시 마포구 잔다리로7안길 4,서울특별시 마포구 서교동 379-1,,,14128337.73,4516463.957,편의점
SFT0032902,편의점(509010),CU,서울특별시 마포구 양화로11길 18,서울특별시 마포구 서교동 380-6,,,14128190.4,4516348.385,편의점
SFT0032915,편의점(509010),GS25,서울특별시 마포구 신촌로4길 18,서울특별시 마포구 동교동 176-1,,,14129580.79,4517055.21,편의점
SFT0032924,편의점(509010),CU,서울특별시 마포구 성미산로32길 47,서울특별시 마포구 연남동 256-6,,,14128970.78,4517846.617,편의점
SFT0032954,편의점(509010),세븐일레븐,서울특별시 마포구 성미산로11길 81,서울특별시 마포구 성산동 21-28,,,14128186.08,4518040.013,편의점
SFT0032973,편의점(509010),GS25,서울특별시 마포구 토정로 192,서울특별시 마포구 구수동 68-8,,,14130025.58,4515381.421,편의점
SFT0033009,편의점(509010),GS25,서울특별시 마포구 동교로3길 105,서울특별시 마포구 망원동 462-5,,,14126334.01,4516727.783,편의점
SFT0033042,편의점(509010),GS25,서울특별시 마포구 양화로10길 15,서울특별시 마포구 서교동 395-171,,,14128377.38,4516192.403,편의점
SFT0033045,편의점(509010),세븐일레븐,서울특별시 마포구 성암로 219-2,서울특별시 마포구 상암동 2-26,,,14125922.88,4520099.085,편의점
SFT0033091,편의점(509010),위드미,서울특별시 마포구 동교로 190,서울특별시 마포구 동교동 158-27,,,14128949.73,4517041.637,편의점
SFT0033094,편의점(509010),위드미,서울특별시 마포구 양화로 188,서울특별시 마포구 동교동 190-1,,,14129448.26,4517076.466,편의점
SFT0033109,편의점(509010),CU,서울특별시 마포구 월드컵로26길 6,서울특별시 마포구 성산동 252-2,,,14127351.8,4517288.827,편의점
SFT0033156,편의점(509010),이지21,서울특별시 마포구 서강로 110,서울특별시 마포구 신수동 66-1,,,14130196.61,4516411.917,편의점
SFT0033173,편의점(509010),미니스톱,서울특별시 마포구 모래내로3길 11,서울특별시 마포구 성산동 593-5,,,14126968.57,4518175.149,편의점
SFT0033201,편의점(509010),GS25,서울특별시 마포구 월드컵북로16길 34,서울특별시 마포구 성산동 13-1,,,14128244.87,4517858.481,편의점
SFT0033258,편의점(509010),CU,서울특별시 마포구 토정로 22,서울특별시 마포구 합정동 213-4,,,14127901.21,4515422.757,편의점
SFT0033263,편의점(509010),미니스톱,서울특별시 마포구 토정로 149,서울특별시 마포구 상수동 50-1,,,14129524.53,4515464.248,편의점
SFT0033320,편의점(509010),위드미,서울특별시 마포구 성암로11길 16,서울특별시 마포구 중동 82-10,,,14126700.36,4519351.42,편의점
SFT0033325,편의점(509010),코리아세븐서교세교길점,서울특별시 마포구 양화로12길 8-5,서울특별시 마포구 서교동 395-138,,,14128424.1,4516292.891,편의점
SFT0033342,편의점(509010),GS25,서울특별시 마포구 마포대로4다길 23-7,서울특별시 마포구 마포동 344,,,14131394.16,4514096.531,편의점
SFT0033353,편의점(509010),CU,서울특별시 마포구 월드컵북로 361,서울특별시 마포구 상암동 1653,,,14125453.08,4519860.654,편의점
SFT0033417,편의점(509010),CU,서울특별시 마포구 포은로 90,서울특별시 마포구 망원동 403-5,,,14127034.13,4516760.034,편의점
SFT0033455,편의점(509010),CU,서울특별시 마포구 매봉산로 31,서울특별시 마포구 상암동 1648,,,14125325.62,4519660.447,편의점
SFT0033531,편의점(509010),지에스현석리버뷰,서울특별시 마포구 신수로 5,서울특별시 마포구 현석동 227,,,14130209.2,4514962.255,편의점
SFT0033560,편의점(509010),CU,서울특별시 마포구 월드컵북로47길 46,서울특별시 마포구 상암동 1637,,,14125405.1,4519546.223,편의점
SFT0033575,편의점(509010),GS25,서울특별시 마포구 성미산로19길 60,서울특별시 마포구 연남동 478-18,,,14128449.12,4518067.1,편의점
SFT0033584,편의점(509010),미니스톱,서울특별시 마포구 잔다리로 12,서울특별시 마포구 서교동 363-12,,,14128873.9,4516179.156,편의점
SFT0033628,편의점(509010),CU,서울특별시 마포구 환일길 39,서울특별시 마포구 아현동 85-814,,,14133232.03,4516715.542,편의점
SFT0033683,편의점(509010),위드미,서울특별시 마포구 서강로20길 14,서울특별시 마포구 노고산동 106-11,,,14130485.76,4516578.418,편의점
SFT0033716,편의점(509010),GS25,서울특별시 마포구 백범로 200,서울특별시 마포구 공덕동 439,,,14132223.98,4515139.337,편의점
SFT0033726,편의점(509010),GS25,서울특별시 마포구 양화로 59,서울특별시 마포구 서교동 393-5,,,14128098.29,4516141.096,편의점
SFT0033737,편의점(509010),CU,서울특별시 마포구 상암산로 76,서울특별시 마포구 상암동 1607,,,14125585.81,4520148.255,편의점
SFT0033743,편의점(509010),세븐일레븐,서울특별시 마포구 마포대로24안길 5,서울특별시 마포구 아현동 743-8,,,14133098.13,4516633.081,편의점
SFT0033772,편의점(509010),GS25서강대후문점,서울특별시 마포구 대흥로 118,서울특별시 마포구 대흥동 38-11,,,14131334.65,4516038.943,편의점
SFT0033773,편의점(509010),GS25,서울특별시 마포구 잔다리로7길 31,서울특별시 마포구 서교동 466-32,,,14128321.33,4516466.298,편의점
SFT0033784,편의점(509010),세븐일레븐마포서교점,서울특별시 마포구 잔다리로 111,서울특별시 마포구 서교동 468-3,,,14128007.72,4517005.445,편의점
SFT0033795,편의점(509010),CU,서울특별시 마포구 월드컵로 190,서울특별시 마포구 성산동 592-6,,,14126807.6,4518039.133,편의점
SFT0033812,편의점(509010),GS25,서울특별시 마포구 독막로8길 27,서울특별시 마포구 합정동 358-2,,,14128443.59,4515582.114,편의점
SFT0033828,편의점(509010),GS25,서울특별시 마포구 잔다리로 40,서울특별시 마포구 서교동 368-9,,,14128593.84,4516322.686,편의점
SFT0033851,편의점(509010),CU,서울특별시 마포구 양화로23길 42,서울특별시 마포구 동교동 150-19,,,14129186.73,4517472.03,편의점
SFT0033857,편의점(509010),GS25,서울특별시 마포구 월드컵로3길 14,서울특별시 마포구 합정동 473,,,14127746.52,4516274.914,편의점
SFT0033859,편의점(509010),GS25마포연남점,서울특별시 마포구 성미산로29안길 25,서울특별시 마포구 연남동 241-87,,,14129052.13,4518225.901,편의점
SFT0033914,편의점(509010),CU연남꿈나무점,서울특별시 마포구 연남로3길 39,서울특별시 마포구 연남동 565-13,,,14128745.2,4517518.826,편의점
SFT0033942,편의점(509010),GS25홍대은혜로점,서울특별시 마포구 독막로19길 12,서울특별시 마포구 상수동 94-12,,,14129258.62,4515805.305,편의점
SFT0034013,편의점(509010),CU마포한강푸르지오점,서울특별시 마포구 월드컵로1길 14,서울특별시 마포구 합정동 472,,,14127784.33,4516055.217,편의점
SFT0034020,편의점(509010),CU,서울특별시 마포구 백범로 8,서울특별시 마포구 노고산동 107-17,,,14130530.75,4516610.559,편의점
SFT0034055,편의점(509010),세븐일레븐,서울특별시 마포구 신촌로 90,서울특별시 마포구 노고산동 57-5,,,14130397.66,4516793.769,편의점
SFT0034081,편의점(509010),CU,서울특별시 마포구 잔다리로 20-10,서울특별시 마포구 서교동 367-39,,,14128772.6,4516224.8,편의점
SFT0034083,편의점(509010),CU,서울특별시 마포구 월드컵로5길 16,서울특별시 마포구 합정동 426-14,,,14127712.14,4516306.144,편의점
SFT0034122,편의점(509010),GS25,서울특별시 마포구 와우산로 167,서울특별시 마포구 동교동 182-8,,,14129863.83,4516872.455,편의점
SFT0034125,편의점(509010),GS25마포풍림점,서울특별시 마포구 마포대로 127,서울특별시 마포구 공덕동 404,,,14132246.27,4515514.044,편의점
SFT0034131,편의점(509010),GS25,서울특별시 마포구 월드컵로23길 25,서울특별시 마포구 망원동 57-376,,,14127309.89,4516990.999,편의점
SFT0034132,편의점(509010),CU,서울특별시 마포구 백범로 64,서울특별시 마포구 신수동 85-68,,,14130769.14,4515913.625,편의점
SFT0034206,편의점(509010),CU합정몬스터점,서울특별시 마포구 어울마당로5길 42-5,서울특별시 마포구 서교동 397-2,,,14128476,4516051.846,편의점
SFT0034290,편의점(509010),CU서강대원룸점,서울특별시 마포구 고산18길 7,서울특별시 마포구 대흥동 18-183,,,14131494.47,4516617.666,편의점
SFT0034293,편의점(509010),CU,서울특별시 마포구 토정로 279-1,서울특별시 마포구 용강동 115-19,,,14130990.61,4514925.584,편의점
SFT0034294,편의점(509010),GS25,서울특별시 마포구 도화4길 88,서울특별시 마포구 도화동 347-60,,,14132076.91,4514430.558,편의점
SFT0034299,편의점(509010),CU,서울특별시 마포구 와우산로3길 21,서울특별시 마포구 상수동 337-2,,,14128865.59,4515473.126,편의점
SFT0034328,편의점(509010),세븐일레븐,서울특별시 마포구 양화로 27,서울특별시 마포구 합정동 383-14,,,14127805.94,4515928.954,편의점
SFT0034329,편의점(509010),씨유연남고가,서울특별시 마포구 연남로 97,서울특별시 마포구 연남동 480-2,,,14128383.29,4518423.182,편의점
SFT0034342,편의점(509010),세븐일레븐홍대기숙사점,서울특별시 마포구 독막로 101,서울특별시 마포구 상수동 141-1,,,14129162.92,4515801.675,편의점
SFT0034346,편의점(509010),GS25,서울특별시 마포구 토정로 320,서울특별시 마포구 용강동 51-8,,,14131333.62,4514553.757,편의점
SFT0034358,편의점(509010),세븐일레븐,서울특별시 마포구 희우정로 77,서울특별시 마포구 망원동 521,,,14126746.24,4516489.704,편의점
SFT0034432,편의점(509010),CU,서울특별시 마포구 희우정로 118,서울특별시 마포구 망원동 418-38,,,14126497.1,4516786.635,편의점
SFT0034485,편의점(509010),CU재화스퀘어점,서울특별시 마포구 독막로 311,서울특별시 마포구 염리동 168-9,,,14131726.91,4515205.868,편의점
SFT0034491,편의점(509010),CU,서울특별시 마포구 와우산로26길 9-19,서울특별시 마포구 창전동 6-148,,,14129476.46,4516479.6,편의점
SFT0034513,편의점(509010),위드미서교점,서울특별시 마포구 동교로12안길 24,서울특별시 마포구 서교동 484-35,,,14127968.21,4516606.439,편의점
SFT0034515,편의점(509010),GS25,서울특별시 마포구 큰우물로 39-4,서울특별시 마포구 대흥동 575,,,14131259.17,4515128.492,편의점
SFT0034536,편의점(509010),GS25,서울특별시 마포구 성암로9안길 28,서울특별시 마포구 중동 77-35,,,14126688.35,4519300.657,편의점
SFT0034543,편의점(509010),인더라인25,서울특별시 마포구 성미산로 199,서울특별시 마포구 연남동 226-15,,,14129460.13,4517805.42,편의점
SFT0034558,편의점(509010),세븐일레븐마포동교로점,서울특별시 마포구 동교로25길 28,서울특별시 마포구 동교동 204-50,,,14128797.78,4517218.29,편의점
SFT0034562,편의점(509010),CU,서울특별시 마포구 와우산로32길 25,서울특별시 마포구 동교동 188-33,,,14129957.55,4516717.901,편의점
SFT0034591,편의점(509010),미니스톱,서울특별시 마포구 마포대로 12,서울특별시 마포구 마포동 136-1,,,14131383.83,4514344.34,편의점
SFT0034599,편의점(509010),크린365편의점,서울특별시 마포구 월드컵로42길 40,서울특별시 마포구 상암동 1680,,,14124297.28,4520297.451,편의점
SFT0034627,편의점(509010),CU,서울특별시 마포구 홍익로3길 25,서울특별시 마포구 서교동 365-10,,,14128872.69,4516505.558,편의점
SFT0034642,편의점(509010),세븐일레븐서울여고점,서울특별시 마포구 백범로25길 25,서울특별시 마포구 염리동 128-53,,,14131666.65,4515639.11,편의점
SFT0034665,편의점(509010),CU,서울특별시 마포구 삼개로 33,서울특별시 마포구 도화동 83,,,14131757.32,4514172.719,편의점
SFT0034732,편의점(509010),지에스편의점상암7단지,서울특별시 마포구 상암산로1길 92,서울특별시 마포구 상암동 1660,,,14124448.13,4520648.579,편의점
SFT0034738,편의점(509010),지에스25상암1단지,서울특별시 마포구 월드컵북로47길 8,서울특별시 마포구 상암동 1634,,,14125700.25,4519524.407,편의점
SFT0034762,편의점(509010),GS25,서울특별시 마포구 월드컵로 64,서울특별시 마포구 서교동 476-14,,,14127706.92,4516759.024,편의점
SFT0034772,편의점(509010),GS25,서울특별시 마포구 월드컵로 212,서울특별시 마포구 성산동 370,,,14126621.3,4518348.236,편의점
SFT0034799,편의점(509010),GS25,서울특별시 마포구 모래내로7길 38,서울특별시 마포구 성산동 137-3,,,14127659.12,4518499.563,편의점
SFT0034807,편의점(509010),GS25,서울특별시 마포구 월드컵북로12길 19,서울특별시 마포구 성산동 114-9,,,14128162.01,4517722.128,편의점
SFT0034848,편의점(509010),GS25,서울특별시 마포구 성미산로 112,서울특별시 마포구 연남동 504-1,,,14128620.39,4517745.145,편의점
SFT0034851,편의점(509010),GS25,서울특별시 마포구 매봉산로2길 19,서울특별시 마포구 상암동 5-1,,,14125899.81,4520024.141,편의점
SFT0034874,편의점(509010),미니스톱홍대잔다리점,서울특별시 마포구 잔다리로6길 23,서울특별시 마포구 서교동 369-26,,,14128705.34,4516377.11,편의점
SFT0034889,편의점(509010),CU,서울특별시 마포구 잔다리로 61,서울특별시 마포구 서교동 377-27,,,14128375.13,4516498.55,편의점
SFT0034920,편의점(509010),GS25S6합정역점,서울특별시 마포구 양화로 45,서울특별시 마포구 합정동 414,,,14127923.08,4515930.315,편의점
SFT0034937,편의점(509010),GS25,서울특별시 마포구 성암로 28,서울특별시 마포구 성산동 134-2,,,14127922.25,4518737.996,편의점
SFT0034952,편의점(509010),GS25,서울특별시 마포구 월드컵북로44길 16,서울특별시 마포구 상암동 19-12,,,14126024.78,4519683.905,편의점
SFT0034961,편의점(509010),위드미,서울특별시 마포구 와우산로 106,서울특별시 마포구 창전동 436-17,,,14129254.67,4516484.647,편의점
SFT0034964,편의점(509010),로그인편의점,서울특별시 마포구 희우정로 70,서울특별시 마포구 망원동 394-66,,,14126948.89,4516397.188,편의점
SFT0034982,편의점(509010),지에스25망원오리엔탈,서울특별시 마포구 방울내로9안길 71,서울특별시 마포구 망원동 466-1,,,14126395.74,4517483.873,편의점
SFT0034985,편의점(509010),세븐일레븐,서울특별시 마포구 와우산로35길 55,서울특별시 마포구 서교동 330-28,,,14129525.27,4516952.088,편의점
SFT0034987,편의점(509010),GS25도화베네스트,서울특별시 마포구 새창로6길 43,서울특별시 마포구 도화동 2-338,,,14132213.81,4514693.939,편의점
SFT0035007,편의점(509010),GS25S6광흥창역점,서울특별시 마포구 독막로 165,서울특별시 마포구 창전동 145-17,,,14129996.84,4515694.833,편의점
SFT0035008,편의점(509010),세븐일레븐,서울특별시 마포구 백범로 70,서울특별시 마포구 신수동 34-19,,,14130833.85,4515872.609,편의점
SFT0035024,편의점(509010),GS25,서울특별시 마포구 서강로 114,서울특별시 마포구 노고산동 120-12,,,14130223.78,4516460.304,편의점
SFT0035074,편의점(509010),GS25연남리치점,서울특별시 마포구 연희로 37,서울특별시 마포구 연남동 227-37,,,14129458.3,4517744.662,편의점
SFT0035097,편의점(509010),지에스25마포허브,서울특별시 마포구 마포대로 204,서울특별시 마포구 아현동 737,,,14132732.34,4516329.158,편의점
SFT0035106,편의점(509010),GS25,서울특별시 마포구 월드컵북로6길 3,서울특별시 마포구 연남동 571-10,,,14128552.83,4517153.465,편의점
SFT0035127,편의점(509010),CU,서울특별시 마포구 동교로23길 67,서울특별시 마포구 연남동 571-13,,,14128510.14,4517250.399,편의점
SFT0035131,편의점(509010),GS25,서울특별시 마포구 포은로 42,서울특별시 마포구 합정동 434-8,,,14127245.58,4516233.654,편의점
SFT0035139,편의점(509010),CU,서울특별시 마포구 월드컵로8길 27,서울특별시 마포구 서교동 484-22,,,14127976.95,4516504.059,편의점
SFT0035143,편의점(509010),위드미마포성산점,서울특별시 마포구 성미산로 91,서울특별시 마포구 성산동 624-19,,,14128404.99,4517630.041,편의점
SFT0035184,편의점(509010),GS25망원포은로점,서울특별시 마포구 포은로 98,서울특별시 마포구 망원동 411-41,,,14127005.33,4516853.324,편의점
SFT0035191,편의점(509010),지에스더후레쉬신촌숲,서울특별시 마포구 광성로 17,서울특별시 마포구 신수동 462,,,14130395.58,4516083.973,편의점
SFT0042046,공공기관(501010),서울아현동우체국,서울특별시 마포구 신촌로 266,null,,,14132580.65,4517039.138,공공기관
SFT0042047,공공기관(501010),서울공덕2동우편취급국,서울특별시 마포구 마포대로 14길 14-1,null,,,14132692.48,4515813.153,공공기관
SFT0042048,공공기관(501010),종합민원실,서울특별시 마포구 마포대로 174,null,,,14132632.76,4515973.161,공공기관
SFT0042049,공공기관(501010),서울서부지방법원우체국,서울특별시 마포구 마포대로 174,null,,,14132632.76,4515973.161,공공기관
SFT0042050,공공기관(501010),공덕동주민센터,서울특별시 마포구 만리재옛길 84 (공덕동),null,,,14133127.99,4516074.831,공공기관
SFT0042051,공공기관(501010),아현동주민센터,서울특별시 마포구 마포대로7길 18 (공덕동),null,,,14132253.42,4515645.06,공공기관
SFT0042052,공공기관(501010),서울서부지방법원,서울특별시 마포구 마포대로 174,null,,,14132632.76,4515973.161,공공기관
SFT0042053,공공기관(501010),서울서부지청,"서울특별시 마포구 독막로 320 태영데시앙빌딩 3, 5층",null,,,14131773.66,4515061.544,공공기관
SFT0042054,공공기관(501010),도화동주민센터,서울특별시 마포구 도화길 37 (도화동),null,,,14131996.37,4514857.846,공공기관
SFT0042055,공공기관(501010),서울서부고용복지플러스센터,"서울특별시 마포구 마포대로 63-8 (도화동) 삼창플라자 1, 4, 5층",null,,,14131764.7,4514961.513,공공기관
SFT0042056,공공기관(501010),서울마포우체국,서울특별시 마포구 마포대로 89,null,,,14131974.75,4515103.017,공공기관
SFT0042057,공공기관(501010),서울도화동우편취급국,서울특별시 마포구 삼개로 24(도화동),null,,,14131703.19,4514376.406,공공기관
SFT0042058,공공기관(501010),용강동주민센터,서울특별시 마포구 토정로31길 31 (용강동),null,,,14131215.33,4514975.566,공공기관
SFT0042059,공공기관(501010),서울용강동우편취급국,서울특별시 마포구 토정로 277,null,,,14130968.66,4514953.791,공공기관
SFT0042060,공공기관(501010),서울대흥동우편취급국,서울특별시 마포구 백범로17길 3,null,,,14131304.33,4515690.06,공공기관
SFT0042061,공공기관(501010),염리동주민센터,서울특별시 마포구 숭문길 14 (염리동),null,,,14131525.36,4515638.153,공공기관
SFT0042062,공공기관(501010),서울노고산우편취급국,서울특별시 마포구 백범로1길 18,null,,,14130670.64,4516700.066,공공기관
SFT0042063,공공기관(501010),대흥동주민센터,서울특별시 마포구 신촌로 26길 10 (노고산동),null,,,14131165.09,4516873.947,공공기관
SFT0042064,공공기관(501010),마포세무서,서울특별시 마포구 독막로 234 (신수동),null,,,14130838.46,4515555.75,공공기관
SFT0042065,공공기관(501010),서강대학교우편취급국,서울특별시 마포구 백범로 35 우정관1층,null,,,14130800.1,4516121.715,공공기관
SFT0042066,공공기관(501010),신수동주민센터,서울특별시 마포구 독막로 192 (신수동),null,,,14130365.12,4515638.939,공공기관
SFT0042067,공공기관(501010),서울신수동우편취급국,서울특별시 마포구 신수로 46,null,,,14130284.08,4515452.049,공공기관
SFT0042068,공공기관(501010),서강동주민센터,서울특별시 마포구 독막로 165 (창전동),null,,,14130012.6,4515732.322,공공기관
SFT0042069,공공기관(501010),서울서교동우체국,서울특별시 마포구 양화로 62,null,,,14128188,4516101.018,공공기관
SFT0042070,공공기관(501010),서교동주민센터,서울특별시 마포구 동교로15길 7 (서교동),null,,,14128066.95,4516767.621,공공기관
SFT0042071,공공기관(501010),서울동교동우편취급국,서울특별시 마포구 신촌로4길 3,null,,,14129645.26,4517129.95,공공기관
SFT0042072,공공기관(501010),합정동주민센터,서울특별시 마포구 월드컵로5길 11 (합정동),null,,,14127748.83,4516276.826,공공기관
SFT0042073,공공기관(501010),망원1동주민센터,서울특별시 마포구 포은로6길 10 (망원동),null,,,14127078.41,4516835.823,공공기관
SFT0042074,공공기관(501010),망원2동주민센터,서울특별시 마포구 방울내로7길 11 (망원동),null,,,14126701.57,4517498.204,공공기관
SFT0042075,공공기관(501010),연남동주민센터,서울특별시 마포구 성미산로29길 17-9 (연남동),null,,,14128894.75,4518086.771,공공기관
SFT0042076,공공기관(501010),서울성산동우체국,서울특별시 마포구 월드컵북로 112,null,,,14127986.78,4517932.025,공공기관
SFT0042077,공공기관(501010),마포중앙도서관,서울특별시 마포구 성산로 128 (성산동),null,,,14127386.63,4517965.532,공공기관
SFT0042078,공공기관(501010),서울성산유원우편취급국,서울특별시 마포구 월드컵북로 26길 17,null,,,14127687.97,4518494.185,공공기관
SFT0042079,공공기관(501010),성산2동주민센터,서울특별시 마포구 월드컵북로30길 22 (성산동),null,,,14127446.53,4518669.795,공공기관
SFT0042219,공공기관(501010),서울성산2동우체국,서울특별시 마포구 월드컵북로 227,null,,,14126835.16,4518796.786,공공기관
SFT0042220,공공기관(501010),성산1동주민센터,서울특별시 마포구 성산로4길 15 (성산동),null,,,14127416.12,4518029.15,공공기관
SFT0042221,공공기관(501010),서울상암디지털우체국,서울특별시 마포구 상암산로 1길 75,null,,,14124583.87,4520347.046,공공기관
SFT0042222,공공기관(501010),상암동주민센터,서울특별시 마포구 매봉산로2길 16 (상암동),null,,,14125851.69,4520029.245,공공기관
SFT0042223,공공기관(501010),서울상암동우편취급국,서울특별시 마포구 월드컵북로 352,null,,,14125685.12,4519832.36,공공기관
SFT0056415,아동안전지킴이집(504040),광명상사(알파문구),서울특별시 마포구 굴레방로 9-1 (아현동),서울특별시 마포구 아현동 282-2,,,14132680.98,4516728.374,
SFT0056416,아동안전지킴이집(504040),유명온누리약국,서울특별시 마포구 만리재옛길 101-1 (아현동),서울특별시 마포구 아현동 402,,,14133288.47,4516249.292,
SFT0056417,아동안전지킴이집(504040),소망문구,서울특별시 마포구 마포대로24길 51 (아현동),서울특별시 마포구 아현동 395-1,,,14133345.87,4516300.542,
SFT0056418,아동안전지킴이집(504040),성아음악학원,서울특별시 마포구 마포대로24길 27 (아현동),서울특별시 마포구 아현동 749-4,,,14133147.91,4516543.782,
SFT0056419,아동안전지킴이집(504040),대륙마트,서울특별시 마포구 마포대로6길 20-1 (공덕동),서울특별시 마포구 공덕동 256-5,,,14132373.48,4515372.498,
SFT0056420,아동안전지킴이집(504040),경성떡볶이,서울특별시 마포구 만리재옛길 18 (신공덕동),서울특별시 마포구 신공덕동 13-2,,,14132583.28,4515425.443,
SFT0056421,아동안전지킴이집(504040),스마일문구점,서울특별시 마포구 도화2길 55 (도화동),서울특별시 마포구 도화동 347 -122,,,14132043.71,4514441.56,
SFT0056422,아동안전지킴이집(504040),어린이문구,서울특별시 마포구 도화2길 63 (도화동),서울특별시 마포구 도화동 347-109,,,14132037.97,4514392.172,
SFT0056423,아동안전지킴이집(504040),CU(마포대운점),서울특별시 마포구 토정로37길 23-1 (용강동),서울특별시 마포구 용강동 19-6,,,14131471.14,4514843.708,
SFT0056424,아동안전지킴이집(504040),르네상스제과점,서울특별시 마포구 큰우물로 39 (대흥동),서울특별시 마포구 대흥동 585,,,14131261.9,4515080.442,
SFT0056425,아동안전지킴이집(504040),삼성프라자 이대점,서울특별시 마포구 대흥로 174 (대흥동),서울특별시 마포구 대흥동 3-30,,,14131597.99,4516683.342,
SFT0056426,아동안전지킴이집(504040),한강부동산,서울특별시 마포구 큰우물로 49 (염리동),서울특별시 마포구 염리동 174-18,,,14131355.91,4515009.402,
SFT0056427,아동안전지킴이집(504040),CU(이대역점),서울특별시 마포구 숭문길 214 (염리동),서울특별시 마포구 염리동 9-125,,,14131629.85,4516876.011,
SFT0056428,아동안전지킴이집(504040),대현마트,서울특별시 마포구 마포대로11길 91 (염리동),서울특별시 마포구 염리동 128-68,,,14131927.05,4515869.737,
SFT0056429,아동안전지킴이집(504040),즐거운약국,서울특별시 마포구 큰우물로 53 (염리동),서울특별시 마포구 염리동 174-14,,,14131409.29,4514966.988,
SFT0056430,아동안전지킴이집(504040),CU(신촌아이비점),서울특별시 마포구 서강로 136 (노고산동),서울특별시 마포구 노고산동 106-5,,,14130413.19,4516616.798,
SFT0056431,아동안전지킴이집(504040),용약국,서울특별시 마포구 신촌로 102-1 (노고산동),서울특별시 마포구 노고산동 31 -135,,,14130600.06,4516692.3,
SFT0056432,아동안전지킴이집(504040),김포문구,서울특별시 마포구 대흥로9길 25 (신수동),서울특별시 마포구 신수동 426 -3,,,14130604.96,4515361.435,
SFT0056433,아동안전지킴이집(504040),선진약국,서울특별시 마포구 독막로20길 53 (창전동),서울특별시 마포구 창전동 388-1,,,14129592.88,4515630.739,
SFT0056434,아동안전지킴이집(504040),은혜세탁소,서울특별시 마포구 와우산로29길 12 (서교동),서울특별시 마포구 서교동 327-18,,,14129698.83,4516728.837,
SFT0056435,아동안전지킴이집(504040),이마트24(마포합정점),서울특별시 마포구 희우정로7길 12 (합정동),서울특별시 마포구 합정동 443-17,,,14127040.37,4516195.809,
SFT0056436,아동안전지킴이집(504040),양슈퍼마켓,서울특별시 마포구 월드컵로7길 44 (합정동),서울특별시 마포구 합정동 432 -49,,,14127508.45,4516463.169,
SFT0056437,아동안전지킴이집(504040),비연꽃꽃이,서울특별시 마포구 월드컵로25길 91 (망원동),서울특별시 마포구 망원동 421 -12,,,14126736.6,4517076.631,
SFT0056438,아동안전지킴이집(504040),하모니마트,서울특별시 마포구 월드컵로31길 93 (망원동),서울특별시 마포구 망원동 437-5,,,14126437.9,4517408.428,
SFT0056439,아동안전지킴이집(504040),세훈통신,서울특별시 마포구 망원로3길 47 (망원동),서울특별시 마포구 망원동 431-41,,,14126483.76,4517258.396,
SFT0056440,아동안전지킴이집(504040),삼천리자전거(망원월드점),서울특별시 마포구 방울내로 53 (망원동),서울특별시 마포구 망원동 436 -12,,,14126611.98,4517391.492,
SFT0056441,아동안전지킴이집(504040),크린토피아 망원점,서울특별시 마포구 방울내로 52 (망원동),서울특별시 마포구 망원동 432-11,,,14126576.15,4517330.336,
SFT0056442,아동안전지킴이집(504040),인더라인(망원 1호점),서울특별시 마포구 마포나루길 407 (망원동),서울특별시 마포구 망원동 205-5,,,14126158.18,4516547.292,
SFT0056443,아동안전지킴이집(504040),세븐일레븐(마포연남점),서울특별시 마포구 성미산로 142 (연남동),서울특별시 마포구 연남동 252 -1,,,14128922.52,4517962.443,
SFT0056444,아동안전지킴이집(504040),연남미니슈퍼,서울특별시 마포구 동교로23길 82 (연남동),서울특별시 마포구 연남동 487-388,,,14128481.32,4517319.636,
SFT0056445,아동안전지킴이집(504040),GS25 연남공원점,서울특별시 마포구 동교로29길 32 (연남동),서울특별시 마포구 연남동 257-23,,,14129027.33,4517721.965,
SFT0056446,아동안전지킴이집(504040),한강슈퍼,서울특별시 마포구 성암로1길 8 (성산동),서울특별시 마포구 성산동 600,,,14127818.46,4518643.111,
SFT0056447,아동안전지킴이집(504040),화이트세탁소,서울특별시 마포구 월드컵로32길 35 (성산동),서울특별시 마포구 성산동 277-19,,,14127168.35,4517872.509,
SFT0056448,아동안전지킴이집(504040),빠리바게뜨(마포성서점),서울특별시 마포구 성미산로 41 (성산동),서울특별시 마포구 성산동 243 -4,,,14127846.22,4517327.458,
SFT0056449,아동안전지킴이집(504040),코아문구사,서울특별시 마포구 성미산로7길 3 (성산동),서울특별시 마포구 성산동 244-5,,,14127814.64,4517334.676,
SFT0056578,아동안전지킴이집(504040),성서문구,서울특별시 마포구 성산로4길 46 (성산동),서울특별시 마포구 성산동 81-107,,,14127471.27,4517936.771,
SFT0056579,아동안전지킴이집(504040),이마트24(성산아이파크점),서울특별시 마포구 모래내로9길 6 (성산동),서울특별시 마포구 성산동 667,,,14128053.12,4518509.17,
SFT0056580,아동안전지킴이집(504040),세븐일레븐(마포구청점),서울특별시 마포구 월드컵로 204 (성산동),서울특별시 마포구 성산동 591 -1,,,14126678.13,4518203.348,
SFT0056581,아동안전지킴이집(504040),대박부동산,서울특별시 마포구 월드컵북로 502-36 (상암동),서울특별시 마포구 상암동 1736,,,14124451.02,4521019.413,
SFT0056582,아동안전지킴이집(504040),아이스타안경원,서울특별시 마포구 월드컵북로 348 (상암동),서울특별시 마포구 상암동 41,,,14125718.12,4519801.74,
SFT0056583,아동안전지킴이집(504040),크린토피아 코인워시(상암dmc점),서울특별시 마포구 월드컵북로 350 (상암동),서울특별시 마포구 상암동 41-16,,,14125696.55,4519815.407,
SFT0056584,아동안전지킴이집(504040),월드컵파크세탁소,서울특별시 마포구 상암산로1길 57 (상암동),서울특별시 마포구 상암동 1689,,,14124685.93,4520233.704,
SFT0056585,아동안전지킴이집(504040),GS25(상암9단지점),서울특별시 마포구 월드컵북로 501 (상암동),서울특별시 마포구 상암동 1752,,,14124063.57,4520743.915,
SFT0063392,공공기관(501010),서울창전동우체국,서울특별시 마포구 독막로 109,null,,,14129299.03,4515779.835,공공기관
SFT0063393,공공기관(501010),서울망원동우체국,서울특별시 마포구 월드컵로 111,null,,,14127317.37,4517199.207,공공기관
SFT0063394,공공기관(501010),마포구청,서울특별시 마포구 월드컵로 212 (성산동),null,,,14126548.87,4518275.87,공공기관
SFT0063926,편의점(509010),세븐일레븐망원보령점,서울특별시 마포구 희우정로 111,서울특별시 마포구 망원동 455-37,,,14126532.07,4516704.807,편의점
SFT0064082,편의점(509010),GS25,서울특별시 마포구 월드컵로16길 3,서울특별시 마포구 서교동 440-15,,,14127527.24,4517044.143,편의점
SFT0064164,편의점(509010),공덕데시앙GS25점,서울특별시 마포구 독막로 320,서울특별시 마포구 도화동 560,,,14131771.36,4515060.889,편의점
SFT0064180,편의점(509010),CU,서울특별시 마포구 월드컵북로 396,서울특별시 마포구 상암동 1605,,,14125309.3,4520190.54,편의점
SFT0064189,편의점(509010),위드미서교미래점,서울특별시 마포구 월드컵북로5나길 21,서울특별시 마포구 서교동 452-13,,,14128227.03,4517107.943,편의점
SFT0064250,편의점(509010),GS25,서울특별시 마포구 월드컵로 37,서울특별시 마포구 합정동 426-20,,,14127736.33,4516393.722,편의점
SFT0064252,편의점(509010),GS25,서울특별시 마포구 동교로17길 55,서울특별시 마포구 서교동 458-2,,,14128067.66,4517051.69,편의점
SFT0064718,아동안전지킴이집(504040),학생의집 서점(성사문구),서울특별시 마포구 모래내로9길 24 (성산동),서울특별시 마포구 성산동 134 -18,,,14127772.29,4518603.351,
SFT0067476,방문요양(513081),늘사랑재가복지센터,서울특별시 마포구 손기정로 11,서울특별시 마포구 아현동 699-6,,,14133237.53,4517110.979,
SFT0067477,방문요양(513081),해바라기재가복지센터,서울특별시 마포구 마포대로24길 51,서울특별시 마포구 아현동 395-1,,,14133349.72,4516303.757,
SFT0067478,주야간보호서비스(513044),초록숲데이케어센터,서울특별시 마포구 마포대로11길 44-81,서울특별시 마포구 아현동 770,,,14132153.64,4516348.619,
SFT0067479,방문목욕서비스(513042),재단법인서울특별시 사회서비스원마포종합재가센터,서울특별시 마포구 마포대로11길 44-81,서울특별시 마포구 아현동 770,,,14132153.64,4516348.619,
SFT0067480,주야간보호서비스(513044),아현실버데이 케어센터,서울특별시 마포구 환일길 3,서울특별시 마포구 아현동 710,,,14133158.3,4517098.72,
SFT0067481,주야간보호서비스(513044),아현 노인복지센터,서울특별시 마포구 마포대로26길 19,서울특별시 마포구 아현동 85-238,,,14132983.22,4516750.097,
SFT0067482,방문목욕(513082),늘사랑재가복지센터,서울특별시 마포구 손기정로 11,서울특별시 마포구 아현동 699-6,,,14133237.53,4517110.979,
SFT0067483,방문목욕(513082),해바라기재가복지센터,서울특별시 마포구 마포대로24길 51,서울특별시 마포구 아현동 395-1,,,14133349.72,4516303.757,
SFT0067484,방문요양서비스(513041),재단법인서울특별시 사회서비스원마포종합재가센터,서울특별시 마포구 마포대로11길 44-81,서울특별시 마포구 아현동 770,,,14132153.64,4516348.619,
SFT0067485,방문요양(513081),(사)대한장애인복지협회재가노인복지센터,서울특별시 마포구 만리재로 14,서울특별시 마포구 공덕동 456,,,14132326.32,4515205.634,
SFT0067486,노인요양공동생활가정(513022),설화요양원,서울특별시 마포구 만리재로 115,서울특별시 마포구 공덕동 30-3,,,14133194.37,4516109.723,
SFT0067487,방문목욕(513082),한가족방문요양센터,서울특별시 마포구 만리재로 115,서울특별시 마포구 공덕동 30-3,,,14133194.37,4516109.723,
SFT0067488,주야간보호서비스(513044),마포노인복지센터,서울특별시 마포구 만리재옛12길 6-2,서울특별시 마포구 공덕동 26-12,,,14133059.34,4516017.137,
SFT0067489,방문요양서비스(513041),마포노인복지센터,서울특별시 마포구 만리재로 99,서울특별시 마포구 공덕동 17-60,,,14133082.91,4515936.43,
SFT0067490,방문목욕(513082),(사)대한장애인복지협회재가노인복지센터,서울특별시 마포구 만리재로 14,서울특별시 마포구 공덕동 456,,,14132326.32,4515205.634,
SFT0067491,방문목욕(513082),굿데이재가방문요양센터,서울특별시 마포구 마포대로 127,서울특별시 마포구 공덕동 404,,,14132247.31,4515514.682,
SFT0067492,방문요양(513081),한가족방문요양센터,서울특별시 마포구 만리재로 115,서울특별시 마포구 공덕동 30-3,,,14133194.37,4516109.723,
SFT0067493,방문요양(513081),설화재가복지센터,서울특별시 마포구 만리재로 115,서울특별시 마포구 공덕동 30-3,,,14133194.37,4516109.723,
SFT0067494,방문요양(513081),굿데이재가방문요양센터,서울특별시 마포구 마포대로 127,서울특별시 마포구 공덕동 404,,,14132247.31,4515514.682,
SFT0067495,방문요양(513081),(A+)한겨레실버 방문요양센터,서울특별시 마포구 마포대로 182-10,서울특별시 마포구 공덕동 105-155,,,14132671.93,4516076.081,
SFT0067496,방문요양(513081),#NAME?,서울특별시 마포구 마포대로 127,서울특별시 마포구 공덕동 404,,,14132247.31,4515514.682,
SFT0067497,방문목욕(513082),설화재가복지센터,서울특별시 마포구 만리재로 115,서울특별시 마포구 공덕동 30-3,,,14133194.37,4516109.723,
SFT0067498,방문목욕(513082),(A+)한겨레실버 방문요양센터,서울특별시 마포구 마포대로 182-10,서울특별시 마포구 공덕동 105-155,,,14132671.93,4516076.081,
SFT0067499,노인요양시설(513021),마포노인복지센터,서울특별시 마포구 만리재옛12길 6-2,서울특별시 마포구 공덕동 26-12,,,14133059.34,4516017.137,
SFT0067500,복지용구(513086),(A+)한겨레실버 복지용구센터,서울특별시 마포구 마포대로 182-10,서울특별시 마포구 공덕동 105-155,,,14132671.93,4516076.081,
SFT0067501,방문요양(513081),행복한 시니어 재가센터,서울특별시 마포구 마포대로6길 30,서울특별시 마포구 공덕동 256-5,,,14132426.64,4515361.084,
SFT0067502,방문요양(513081),밝은샘 장기요양센터,서울특별시 마포구 만리재로 74,서울특별시 마포구 신공덕동 159,,,14132923.43,4515546.273,
SFT0067503,방문목욕(513082),밝은샘 장기요양센터,서울특별시 마포구 만리재로 74,서울특별시 마포구 신공덕동 159,,,14132923.43,4515546.273,
SFT0067504,방문목욕(513082),도화재가방문센터,서울특별시 마포구 도화2길 63,서울특별시 마포구 도화동 347-109,,,14132041.83,4514394.109,
SFT0067505,방문목욕(513082),(A)비지팅엔젤스재가복지마포공덕지점,서울특별시 마포구 마포대로 52,서울특별시 마포구 도화동 36,,,14131748.79,4514693.152,
SFT0067506,방문요양(513081),느티나무 방문요양센터,서울특별시 마포구 마포대로 52,서울특별시 마포구 도화동 36,,,14131748.79,4514693.152,
SFT0067507,방문목욕(513082),하늘꿈실버재가요양센터,서울특별시 마포구 도화2길 28,서울특별시 마포구 도화동 347-71,,,14131942.97,4514562.505,
SFT0067508,방문요양(513081),(A)비지팅엔젤스재가복지마포공덕지점,서울특별시 마포구 마포대로 52,서울특별시 마포구 도화동 36,,,14131748.79,4514693.152,
SFT0067509,방문요양(513081),이로운 재가요양센터,서울특별시 마포구 독막로 331,서울특별시 마포구 도화동 553,,,14131941.21,4515060.899,
SFT0067510,방문요양(513081),하늘꿈실버재가요양센터,서울특별시 마포구 도화2길 28,서울특별시 마포구 도화동 347-71,,,14131942.97,4514562.505,
SFT0067511,방문목욕(513082),굿모닝노인복지센터,서울특별시 마포구 새창로6나길 31,서울특별시 마포구 도화동 1-352,,,14132497.06,4514802.728,
SFT0067512,방문요양(513081),도화재가방문센터,서울특별시 마포구 도화2길 63,서울특별시 마포구 도화동 347-109,,,14132041.83,4514394.109,
SFT0067513,방문목욕(513082),이로운 재가요양센터,서울특별시 마포구 독막로 331,서울특별시 마포구 도화동 553,,,14131941.21,4515060.899,
SFT0067514,방문요양(513081),(주)지음아이비에스,서울특별시 마포구 마포대로 44,서울특별시 마포구 도화동 37,,,14131686.39,4514641.853,
SFT0067515,방문목욕(513082),느티나무 방문요양센터,서울특별시 마포구 마포대로 52,서울특별시 마포구 도화동 36,,,14131748.79,4514693.152,
SFT0067516,방문요양(513081),굿모닝노인복지센터,서울특별시 마포구 새창로6나길 31,서울특별시 마포구 도화동 1-352,,,14132497.06,4514802.728,
SFT0067517,방문목욕(513082),(주)지음아이비에스,서울특별시 마포구 마포대로 44,서울특별시 마포구 도화동 37,,,14131686.39,4514641.853,
SFT0067518,방문요양(513081),서울남부재가노인복지센터,서울특별시 마포구 토정로 286-1,서울특별시 마포구 용강동 122-8,,,14131025.39,4514838.065,
SFT0067519,방문목욕(513082),서울남부재가노인복지센터,서울특별시 마포구 토정로 286-1,서울특별시 마포구 용강동 122-8,,,14131025.39,4514838.065,
SFT0067520,방문요양(513081),(A+)마음이통하는문 효자문,서울특별시 마포구 대흥로4길 38,서울특별시 마포구 용강동 149-48,,,14130792.09,4514861.988,
SFT0067521,방문목욕(513082),(A+)마음이통하는문 효자문,서울특별시 마포구 대흥로4길 38,서울특별시 마포구 용강동 149-48,,,14130792.09,4514861.988,
SFT0067522,방문요양(513081),노인대세 방문요양센터,서울특별시 마포구 토정로 288-1,서울특별시 마포구 용강동 122-12,,,14131039.41,4514824.306,
SFT0067523,복지용구(513086),케어플러스,서울특별시 마포구 대흥로6길 8,서울특별시 마포구 용강동 494-85,,,14130729.75,4515028.257,
SFT0067524,방문목욕(513082),무지개재가복지센터,서울특별시 마포구 마포대로 12,서울특별시 마포구 마포동 136-1,,,14131384.85,4514346.251,
SFT0067525,방문요양(513081),무지개재가복지센터,서울특별시 마포구 마포대로 12,서울특별시 마포구 마포동 136-1,,,14131384.85,4514346.251,
SFT0067526,방문요양(513081),(A)명아주재가센터,서울특별시 마포구 대흥로 163-2,서울특별시 마포구 대흥동 18-7,,,14131531.23,4516579.475,
SFT0067527,방문목욕(513082),(A)명아주재가센터,서울특별시 마포구 대흥로 163-2,서울특별시 마포구 대흥동 18-7,,,14131531.23,4516579.475,
SFT0067528,주야간보호서비스(513044),마포봄데이케어센터,서울특별시 마포구 대흥로 54,서울특별시 마포구 대흥동 337-11,,,14130872.31,4515346.131,
SFT0067529,방문요양(513081),섬김방문요양센터,서울특별시 마포구 대흥로 84-6,서울특별시 마포구 대흥동 252-1,,,14131113.02,4515673.984,
SFT0067530,방문간호(513083),(A)명아주재가센터,서울특별시 마포구 대흥로 163-2,서울특별시 마포구 대흥동 18-7,,,14131531.23,4516579.475,
SFT0067531,주야간보호서비스(513044),A+와우 주야간보호센터,서울특별시 마포구 고산18길 13,서울특별시 마포구 대흥동 18-4,,,14131509.72,4516586.833,
SFT0067532,방문목욕(513082),섬김방문요양센터,서울특별시 마포구 대흥로 84-6,서울특별시 마포구 대흥동 252-1,,,14131113.02,4515673.984,
SFT0067533,복지용구(513086),서울 종합간호요양센터,서울특별시 마포구 숭문길 58,서울특별시 마포구 염리동 520,,,14131542.34,4515922.993,
SFT0067534,주야간보호서비스(513044),염리데이케어센터,서울특별시 마포구 대흥로24길 50,서울특별시 마포구 염리동 14-11,,,14131857.12,4516729.918,
SFT0067535,방문요양(513081),늘기쁜재가요양센터,서울특별시 마포구 백범로 135,서울특별시 마포구 염리동 148-9,,,14131575.76,4515524.861,
SFT0067536,방문목욕(513082),마포성지노인복지센터,서울특별시 마포구 마포대로11길 94,서울특별시 마포구 염리동 27-46,,,14131911.68,4515901.834,
SFT0067537,방문목욕(513082),서울 종합간호요양센터,서울특별시 마포구 숭문길 58,서울특별시 마포구 염리동 520,,,14131542.34,4515922.993,
SFT0067538,방문간호(513083),서울 종합간호요양센터,서울특별시 마포구 숭문길 58,서울특별시 마포구 염리동 520,,,14131542.34,4515922.993,
SFT0067539,주야간보호서비스(513044),서울종합데이 케어센터,서울특별시 마포구 숭문길 36,서울특별시 마포구 염리동 96-1,,,14131526.36,4515773.531,
SFT0067540,노인요양시설(513021),노아 케어링하우스,서울특별시 마포구 숭문6길 12,서울특별시 마포구 염리동 36-38,,,14131652.12,4516019.103,
SFT0067541,방문요양(513081),마포성지노인복지센터,서울특별시 마포구 마포대로11길 94,서울특별시 마포구 염리동 27-46,,,14131911.68,4515901.834,
SFT0067542,방문요양(513081),서울 종합간호요양센터,서울특별시 마포구 숭문길 58,서울특별시 마포구 염리동 520,,,14131542.34,4515922.993,
SFT0067543,방문목욕(513082),늘기쁜재가요양센터,서울특별시 마포구 백범로 135,서울특별시 마포구 염리동 148-9,,,14131575.76,4515524.861,
SFT0067544,노인복지관(513031),우리마포복지관,서울특별시 마포구 신촌로26길 10,서울특별시 마포구 노고산동 1-50,,,14131165.09,4516873.947,노인복지관
SFT0067545,주야간보호서비스(513044),우리마포데이 케어센터,서울특별시 마포구 신촌로26길 10,서울특별시 마포구 노고산동 1-50,,,14131165.09,4516873.947,
SFT0067546,방문요양서비스(513041),푸른재가복지센터,서울특별시 마포구 백범로 13,서울특별시 마포구 노고산동 31-90,,,14130618.34,4516533.728,
SFT0067547,방문목욕서비스(513042),푸른재가복지센터,서울특별시 마포구 백범로 13,서울특별시 마포구 노고산동 31-90,,,14130618.34,4516533.728,
SFT0067548,방문요양서비스(513041),혜윰재가,서울특별시 마포구 신촌로12다길 10,서울특별시 마포구 노고산동 56-41,,,14130125.98,4516735.633,
SFT0067549,방문목욕(513082),양지 실버복지센터,서울특별시 마포구 토정로17길 22,서울특별시 마포구 신수동 287-2,,,14130440.35,4515446.236,
SFT0067550,방문요양(513081),와우노인복지센터,서울특별시 마포구 창전로2길 7-11,서울특별시 마포구 신수동 102-15,,,14130161.72,4515913.67,
SFT0067551,방문목욕(513082),와우노인복지센터,서울특별시 마포구 창전로2길 7-11,서울특별시 마포구 신수동 102-15,,,14130161.72,4515913.67,
SFT0067552,방문요양(513081),양지 실버복지센터,서울특별시 마포구 토정로17길 22,서울특별시 마포구 신수동 287-2,,,14130440.35,4515446.236,
SFT0067553,방문간호(513083),효섬김 재가요양센터,서울특별시 마포구 신수로 12,서울특별시 마포구 현석동 89,,,14130263.68,4515028.018,
SFT0067554,방문요양(513081),효섬김 재가요양센터,서울특별시 마포구 신수로 12,서울특별시 마포구 현석동 89,,,14130263.68,4515028.018,
SFT0067555,방문목욕(513082),효섬김 재가요양센터,서울특별시 마포구 신수로 12,서울특별시 마포구 현석동 89,,,14130263.68,4515028.018,
SFT0067556,방문요양(513081),코리아케어 서프라이(주),서울특별시 마포구 토정로 194,서울특별시 마포구 구수동 68-29,,,14130046.92,4515370.912,
SFT0067557,복지용구(513086),코리아케어 서프라이(주),서울특별시 마포구 토정로 194,서울특별시 마포구 구수동 68-29,,,14130046.92,4515370.912,
SFT0067558,방문목욕(513082),코리아케어 서프라이(주),서울특별시 마포구 토정로 194,서울특별시 마포구 구수동 68-29,,,14130046.92,4515370.912,
SFT0067559,주야간보호서비스(513044),창전데이케어센터,서울특별시 마포구 서강로1길 30,서울특별시 마포구 창전동 447,,,14129804.97,4515933.636,
SFT0067560,주야간보호서비스(513044),마포 데이케어센터,서울특별시 마포구 서강로 68,서울특별시 마포구 창전동 140,,,14130030.9,4515895.74,
SFT0067561,노인복지관(513031),마포노인종합복지관,서울특별시 마포구 서강로 68,서울특별시 마포구 창전동 140,,,14130030.9,4515895.74,노인복지관
SFT0067562,복지용구(513086),(주)엠에이치포커스복지용구판매사업소,서울특별시 마포구 토정로 106,서울특별시 마포구 상수동 349-10,,,14128966.52,4515331.965,노인복지관
SFT0067563,방문요양(513081),현대복지원,서울특별시 마포구 창전로 26,서울특별시 마포구 신정동 30,,,14129895.04,4515211.039,노인복지관
SFT0067564,복지용구(513086),A+미라클,서울특별시 마포구 잔다리로7안길 31,서울특별시 마포구 서교동 380-12,,,14128219.93,4516392.372,노인복지관
SFT0067565,방문목욕(513082),그린실버복지센터,서울특별시 마포구 양화로7길 14,서울특별시 마포구 서교동 391-16,,,14128124.4,4516264.737,노인복지관
SFT0067566,방문요양(513081),우리예 재가복지센터,서울특별시 마포구 양화로 59,서울특별시 마포구 서교동 393-5,,,14128099.35,4516141.737,노인복지관
SFT0067567,주야간보호서비스(513044),보사노인복지센터 (데이케어),서울특별시 마포구 동교로 132-3,서울특별시 마포구 서교동 464-43,,,14128339.59,4516723.965,노인복지관
SFT0067568,방문목욕(513082),울림두레돌봄센터,서울특별시 마포구 동교로12안길 23,서울특별시 마포구 서교동 480-27,,,14127962.68,4516632.3,노인복지관
SFT0067569,방문요양(513081),그린실버복지센터,서울특별시 마포구 양화로7길 14,서울특별시 마포구 서교동 391-16,,,14128124.4,4516264.737,노인복지관
SFT0067570,방문요양(513081),(A+)어르신이 행복한 세상,서울특별시 마포구 잔다리로7안길 31,서울특별시 마포구 서교동 380-12,,,14128219.93,4516392.372,노인복지관
SFT0067571,방문목욕(513082),가가호호재가복지센터,서울특별시 마포구 동교로12안길 23,서울특별시 마포구 서교동 480-27,,,14127962.68,4516632.3,노인복지관
SFT0067572,방문목욕(513082),비지팅엔젤스 재가 마포망원지점,서울특별시 마포구 성미산로2길 21,서울특별시 마포구 서교동 438-1,,,14127536.67,4517084.102,노인복지관
SFT0067573,방문요양서비스(513041),보사노인복지센터 (데이케어),서울특별시 마포구 동교로 132-3,서울특별시 마포구 서교동 464-43,,,14128339.59,4516723.965,노인복지관
SFT0067574,방문요양(513081),가가호호재가복지센터,서울특별시 마포구 동교로12안길 23,서울특별시 마포구 서교동 480-27,,,14127962.68,4516632.3,노인복지관
SFT0067575,방문요양(513081),비지팅엔젤스 재가 마포망원지점,서울특별시 마포구 성미산로2길 21,서울특별시 마포구 서교동 438-1,,,14127536.67,4517084.102,노인복지관
SFT0067576,방문요양(513081),울림두레돌봄센터,서울특별시 마포구 동교로12안길 23,서울특별시 마포구 서교동 480-27,,,14127962.68,4516632.3,노인복지관
SFT0067577,복지용구(513086),그린실버복지센터,서울특별시 마포구 양화로7길 14,서울특별시 마포구 서교동 391-16,,,14128124.4,4516264.737,노인복지관
SFT0067578,방문목욕(513082),우리예 재가복지센터,서울특별시 마포구 양화로 59,서울특별시 마포구 서교동 393-5,,,14128099.35,4516141.737,노인복지관
SFT0067579,방문목욕(513082),(A+)어르신이 행복한 세상,서울특별시 마포구 잔다리로7안길 31,서울특별시 마포구 서교동 380-12,,,14128219.93,4516392.372,노인복지관
SFT0067580,방문요양서비스(513041),케어플랜 재가센터,서울특별시 마포구 양화로18안길 26-6,서울특별시 마포구 동교동 169-2,,,14129340.59,4516998.669,노인복지관
SFT0067581,방문요양(513081),홍익 재가복지센터,서울특별시 마포구 신촌로12길 4,서울특별시 마포구 동교동 185-6,,,14130053.36,4516916.999,노인복지관
SFT0067582,방문목욕(513082),다솜케어재가노인복지센터,서울특별시 마포구 동교로27길 3-10,서울특별시 마포구 동교동 200-36,,,14128972.73,4517217.125,노인복지관
SFT0067583,방문요양(513081),다솜케어재가노인복지센터,서울특별시 마포구 동교로27길 3-10,서울특별시 마포구 동교동 200-36,,,14128972.73,4517217.125,노인복지관
SFT0067584,방문목욕(513082),홍익 재가복지센터,서울특별시 마포구 신촌로12길 4,서울특별시 마포구 동교동 185-6,,,14130053.36,4516916.999,노인복지관
SFT0067585,방문요양(513081),맘스토리 재가노인복지센터,서울특별시 마포구 와우산로37길 48,서울특별시 마포구 동교동 177-23,,,14129613.75,4517019.521,노인복지관
SFT0067586,방문요양서비스(513041),미소요양재가센터,서울특별시 마포구 양화로 183,서울특별시 마포구 동교동 155-27,,,14129244.79,4517224.048,노인복지관
SFT0067587,방문목욕서비스(513042),우리실버복지센터,서울특별시 마포구 성지5길 5-15,서울특별시 마포구 합정동 370-9,,,14128004.2,4515542.229,노인복지관
SFT0067588,방문요양(513081),(A)비지팅엔젤스 마포방문요양센터,서울특별시 마포구 독막로 10,서울특별시 마포구 합정동 373-4,,,14128056.23,4515837.598,노인복지관
SFT0067589,복지용구(513086),(주)조아 서울지점,서울특별시 마포구 성지1길 33,서울특별시 마포구 합정동 364-11,,,14128150.19,4515774.177,노인복지관
SFT0067590,방문간호(513083),A+한우리통합재가센터,서울특별시 마포구 동교로 36,서울특별시 마포구 합정동 441-23,,,14127155.49,4516381.251,노인복지관
SFT0067591,노인일자리지원기관(513052),마포시니어클럽,서울특별시 마포구 동교로8길 58,서울특별시 마포구 합정동 459-5,,,14127083.39,4515971.771,노인복지관
SFT0067592,방문요양(513081),A+한우리통합재가센터,서울특별시 마포구 동교로 36,서울특별시 마포구 합정동 441-23,,,14127155.49,4516381.251,노인복지관
SFT0067593,방문목욕(513082),(A)비지팅엔젤스 마포방문요양센터,서울특별시 마포구 독막로 10,서울특별시 마포구 합정동 373-4,,,14128056.23,4515837.598,노인복지관
SFT0067594,방문요양서비스(513041),우리실버복지센터,서울특별시 마포구 성지5길 5-15,서울특별시 마포구 합정동 370-9,,,14128004.2,4515542.229,노인복지관
SFT0067595,방문목욕(513082),A+한우리통합재가센터,서울특별시 마포구 동교로 36,서울특별시 마포구 합정동 441-23,,,14127155.49,4516381.251,노인복지관
SFT0067596,방문목욕(513082),나누리복지센터,서울특별시 마포구 방울내로9길 12,서울특별시 마포구 망원동 473-26,,,14126854.08,4517601.223,노인복지관
SFT0067597,복지용구지원서비스(513047),마포효사랑 복지용구센터,서울특별시 마포구 희우정로12길 39,서울특별시 마포구 망원동 399-42,,,14127020.38,4516625.111,노인복지관
SFT0067598,방문요양서비스(513041),실버플러스재가 복지센터,서울특별시 마포구 방울내로9안길 8-14,서울특별시 마포구 망원동 469-12,,,14126650.06,4517701.322,노인복지관
SFT0067599,방문요양(513081),성산방문요양센터,서울특별시 마포구 월드컵로 161,서울특별시 마포구 망원동 472-15,,,14126935.75,4517729.97,노인복지관
SFT0067600,방문요양(513081),나누리복지센터,서울특별시 마포구 방울내로9길 12,서울특별시 마포구 망원동 473-26,,,14126854.08,4517601.223,노인복지관
SFT0067601,방문요양(513081),봄봄재가복지센터,서울특별시 마포구 망원로1길 22,서울특별시 마포구 망원동 429-14,,,14126446.8,4517087.795,노인복지관
SFT0067602,방문목욕(513082),봄봄재가복지센터,서울특별시 마포구 망원로1길 22,서울특별시 마포구 망원동 429-14,,,14126446.8,4517087.795,노인복지관
SFT0067603,복지용구(513086),대건 재가복지센터,서울특별시 마포구 동교로9길 33,서울특별시 마포구 망원동 379-25,,,14127533.82,4516785.468,노인복지관
SFT0067604,주야간보호서비스(513044),한서 재가노인복지센터,서울특별시 마포구 월드컵로13길 80,서울특별시 마포구 망원동 403-22,,,14127076.5,4516783.923,노인복지관
SFT0067605,방문목욕(513082),가나실버복지센터,서울특별시 마포구 동교로9길 33,서울특별시 마포구 망원동 379-25,,,14127533.82,4516785.468,노인복지관
SFT0067606,방문목욕(513082),성산방문요양센터,서울특별시 마포구 월드컵로 161,서울특별시 마포구 망원동 472-15,,,14126935.75,4517729.97,노인복지관
SFT0067607,주야간보호서비스(513044),망원데이케어센터,서울특별시 마포구 월드컵로11길 61,서울특별시 마포구 망원동 384-1,,,14127302.91,4516598.052,노인복지관
SFT0067608,방문목욕서비스(513042),그린방문요양 재가센터,서울특별시 마포구 희우정로16길 46-15,서울특별시 마포구 망원동 399-52,,,14126997.51,4516642.565,노인복지관
SFT0067609,방문목욕(513082),대건 재가복지센터,서울특별시 마포구 동교로9길 33,서울특별시 마포구 망원동 379-25,,,14127533.82,4516785.468,노인복지관
SFT0067610,방문목욕서비스(513042),참사랑재가센터,서울특별시 마포구 희우정로 100,서울특별시 마포구 망원동 406-17,,,14126672.39,4516648.869,노인복지관
SFT0067611,방문요양서비스(513041),마포효사랑재가 복지센터,서울특별시 마포구 희우정로12길 39,서울특별시 마포구 망원동 399-42,,,14127020.38,4516625.111,노인복지관
SFT0067612,방문요양서비스(513041),참사랑재가센터,서울특별시 마포구 희우정로 100,서울특별시 마포구 망원동 406-17,,,14126672.39,4516648.869,노인복지관
SFT0067613,방문요양서비스(513041),한서재가노인 복지센터,서울특별시 마포구 월드컵로13길 80,서울특별시 마포구 망원동 403-22,,,14127076.5,4516783.923,노인복지관
SFT0067614,방문요양서비스(513041),그린방문요양 재가센터,서울특별시 마포구 희우정로16길 46-15,서울특별시 마포구 망원동 399-52,,,14126997.51,4516642.565,노인복지관
SFT0067615,방문요양(513081),가나실버복지센터,서울특별시 마포구 동교로9길 33,서울특별시 마포구 망원동 379-25,,,14127533.82,4516785.468,노인복지관
SFT0067616,방문요양(513081),대건 재가복지센터,서울특별시 마포구 동교로9길 33,서울특별시 마포구 망원동 379-25,,,14127533.82,4516785.468,노인복지관
SFT0067617,방문목욕(513082),(1)하이케어서비스마포실버복지센터,서울특별시 마포구 연남로 42,서울특별시 마포구 연남동 573,,,14128850.51,4517878.744,노인복지관
SFT0067618,방문요양(513081),(1)하이케어서비스마포실버복지센터,서울특별시 마포구 연남로 42,서울특별시 마포구 연남동 573,,,14128850.51,4517878.744,노인복지관
SFT0067619,주야간보호서비스(513044),시립서부데이 케어센터,서울특별시 마포구 월드컵로36길 15,서울특별시 마포구 성산동 370,,,14126720.51,4518361.398,노인복지관
SFT0067620,주야간보호서비스(513044),성산노인복지센터,서울특별시 마포구 월드컵북로12안길 68,서울특별시 마포구 성산동 49-9,,,14127957.12,4518101.236,노인복지관
SFT0067621,방문목욕(513082),행복장기요양센터,서울특별시 마포구 모래내로7길 38,서울특별시 마포구 성산동 137-3,,,14127660.17,4518501.446,노인복지관
SFT0067622,노인요양시설내 치매전담실(513071),시립서부노인전문요양센터,서울특별시 마포구 월드컵로36길 15,서울특별시 마포구 성산동 370,,,14126720.51,4518361.398,노인복지관
SFT0067623,방문요양(513081),아리아케어 방문요양 마포성산센터,서울특별시 마포구 월드컵북로 125,서울특별시 마포구 성산동 54-14,,,14127845.81,4518029.094,노인복지관
SFT0067624,방문요양(513081),서부큰사랑 실버센터,서울특별시 마포구 월드컵로36길 46,서울특별시 마포구 성산동 170-2,,,14127046.64,4518598.056,노인복지관
SFT0067625,노인요양시설내 치매전담실(513071),시립서부노인전문요양센터,서울특별시 마포구 월드컵로36길 15,서울특별시 마포구 성산동 370,,,14126720.51,4518361.398,노인복지관
SFT0067626,주야간보호서비스(513044),재활앤데이케어센터,서울특별시 마포구 모래내로7길 62,서울특별시 마포구 성산동 138-4,,,14127514.85,4518536.458,노인복지관
SFT0067627,복지용구(513086),(주)조아메디,서울특별시 마포구 모래내로7길 62,서울특별시 마포구 성산동 138-4,,,14127514.85,4518536.458,노인복지관
SFT0067628,방문목욕(513082),참터행복케어센터,서울특별시 마포구 성산로4길 2,서울특별시 마포구 성산동 277-47,,,14127254.07,4517988.03,노인복지관
SFT0067629,노인요양시설(513021),시립서부노인전문 요양센터,서울특별시 마포구 월드컵로36길 15,서울특별시 마포구 성산동 370,,,14126720.51,4518361.398,노인복지관
SFT0067630,방문요양서비스(513041),효도방문재가센터,서울특별시 마포구 성미산로 20-1,서울특별시 마포구 성산동 293-8,,,14127613.13,4517227.966,노인복지관
SFT0067631,방문요양(513081),금빛 방문요양센터,서울특별시 마포구 모래내로7길 38,서울특별시 마포구 성산동 137-3,,,14127660.17,4518501.446,노인복지관
SFT0067632,방문목욕(513082),아리아케어 방문요양 마포성산센터,서울특별시 마포구 월드컵북로 125,서울특별시 마포구 성산동 54-14,,,14127845.81,4518029.094,노인복지관
SFT0067633,방문요양(513081),행복장기요양센터,서울특별시 마포구 모래내로7길 38,서울특별시 마포구 성산동 137-3,,,14127660.17,4518501.446,노인복지관
SFT0067634,방문요양(513081),참터행복케어센터,서울특별시 마포구 성산로4길 2,서울특별시 마포구 성산동 277-47,,,14127254.07,4517988.03,노인복지관
SFT0067635,방문목욕(513082),서부큰사랑 실버센터,서울특별시 마포구 월드컵로36길 46,서울특별시 마포구 성산동 170-2,,,14127046.64,4518598.056,노인복지관
SFT0067636,방문목욕(513082),사랑나눔재가센터,서울특별시 마포구 월드컵북로 230,서울특별시 마포구 중동 64-25,,,14126872,4518879.481,노인복지관
SFT0067637,방문요양(513081),늘봄재가복지센터,서울특별시 마포구 월드컵북로26안길 22,서울특별시 마포구 중동 386-13,,,14127719.77,4518578.071,노인복지관
SFT0067638,방문요양(513081),사랑나눔재가센터,서울특별시 마포구 월드컵북로 230,서울특별시 마포구 중동 64-25,,,14126872,4518879.481,노인복지관
SFT0067639,방문요양서비스(513041),어르신돌봄재가방문 요양센터,서울특별시 마포구 성암로11길 13,서울특별시 마포구 중동 82-1,,,14126724.32,4519333.332,노인복지관
SFT0067640,방문목욕(513082),늘봄재가복지센터,서울특별시 마포구 월드컵북로26안길 22,서울특별시 마포구 중동 386-13,,,14127719.77,4518578.071,노인복지관
SFT0067641,주야간보호서비스(513044),상암데이케어센터,서울특별시 마포구 월드컵로42길 2,서울특별시 마포구 상암동 1673,,,14124393.64,4519914.459,노인복지관
SFT0067642,방문요양(513081),상암재가복지센터,서울특별시 마포구 월드컵로42길 40,서울특별시 마포구 상암동 1680,,,14124300.89,4520296.83,노인복지관
SFT0067643,방문목욕(513082),행복한 만남 방문요양센터,서울특별시 마포구 월드컵로42길 40,서울특별시 마포구 상암동 1680,,,14124300.89,4520296.83,노인복지관
SFT0067644,방문목욕(513082),상암재가복지센터,서울특별시 마포구 월드컵로42길 40,서울특별시 마포구 상암동 1680,,,14124300.89,4520296.83,노인복지관
SFT0067645,노인복지주택(513013),상암카이져 팰리스,서울특별시 마포구 월드컵북로47길 37,서울특별시 마포구 상암동 1641,,,14125407.3,4519344.371,노인복지관
SFT0067646,방문요양(513081),행복한 만남 방문요양센터,서울특별시 마포구 월드컵로42길 40,서울특별시 마포구 상암동 1680,,,14124300.89,4520296.83,노인복지관
SFT0104919,장애인편의시설(504060),루치아공동생활가정,"서울특별시 마포구 마포대로4라길41, 201호",서울특별시 마포구 마포동 292-69,,,14131570.71,4514171.261,노인복지관
SFT0104920,장애인편의시설(504060),염리장애인주간보호센터,서울특별시 마포구 대흥로24길 50,서울특별시 마포구 염리동 14-11,,,14131857.12,4516729.918,노인복지관
SFT0104921,장애인편의시설(504060),우리마포보호작업장,"서울특별시 마포구 신촌로26길 10, 우리마포복지관(3층)",서울특별시 마포구 노고산동 1-50,,,14131190.85,4516873.528,노인복지관
SFT0104922,장애인편의시설(504060),우리마포장애인주간이용센터,서울특별시 마포구 신촌로26길 10,서울특별시 마포구 노고산동 1-50,,,14131165.09,4516873.947,노인복지관
SFT0104923,장애인편의시설(504060),맑음터단기보호시설,서울특별시 마포구 백범로 73-11,서울특별시 마포구 신수동 22-45,,,14130951.34,4515936.557,노인복지관
SFT0104924,장애인편의시설(504060),라온홈,"서울특별시 마포구 잔다리로9길 21, 501호",서울특별시 마포구 서교동 469-58,,,14127957.98,4517040.922,노인복지관
SFT0104925,장애인편의시설(504060),계명원,서울특별시 마포구 동교로 55-10,서울특별시 마포구 망원동 384-50,,,14127378.78,4516573.634,노인복지관
SFT0104926,장애인편의시설(504060),하나렘넌트 장애인주간보호센터,"서울특별시 마포구 월드컵로13길 19-13, 1층",서울특별시 마포구 망원동 379-37,,,14127495.95,4516791.352,노인복지관
SFT0104927,장애인편의시설(504060),행복한집,서울특별시 마포구 성미산로 165-5,서울특별시 마포구 연남동 223-106,,,14129176.3,4518148.226,노인복지관
SFT0104928,장애인편의시설(504060),한벗둥지,서울특별시 마포구 월드컵북로12길 98,서울특별시 마포구 성산동 23-11,,,14128133.47,4518215.903,노인복지관
SFT0104929,장애인편의시설(504060),마포장애인종합복지관,서울특별시 마포구 성산로 4길 35,서울특별시 마포구 성산동 275-3,,,14127429.23,4517986.275,노인복지관
SFT0104930,장애인편의시설(504060),잔디네집,"서울특별시 마포구 월드컵로 190, 604호",서울특별시 마포구 성산동 592-6,,,14126807.4,4518041.017,노인복지관
SFT0104931,장애인편의시설(504060),마포장애인주간보호센터,서울특별시 마포구 성산로4길 35,서울특별시 마포구 성산동 275-3,,,14127429.23,4517986.275,노인복지관
SFT0104932,장애인편의시설(504060),마포구수어통역센터,"서울특별시 마포구 월드컵로 213, 마포구장애인복지회관 3층",서울특별시 마포구 성산동 595-1,,,14126531.88,4518219.99,노인복지관
SFT0104933,장애인편의시설(504060),마포구립장애인직업재활센터(수아밀),서울특별시 마포구 매봉산로18 (상암동),서울특별시 마포구 상암동 1640,,,14125324.62,4519409.191,노인복지관
SFT0104934,장애인편의시설(504060),마포푸르메스포츠센터,서울특별시 마포구 월드컵북로494 마포푸르메스포츠센터 지하 1층,서울특별시 마포구 상암동 1738,,,14124274.64,4520915.433,노인복지관
SFT0104935,장애인편의시설(504060),마포푸르메직업재활센터,서울특별시 마포구 월드컵북로494 (상암동),서울특별시 마포구 상암동 1738,,,14124274.64,4520915.433,노인복지관
SFT0104936,장애인편의시설(504060),푸르메재단 넥슨어린이재활병원,서울특별시 마포구 월드컵북로 494,서울특별시 마포구 상암동 1738,,,14124274.64,4520915.433,노인복지관
SFT0108629,성폭력지원시설(504010),한국여성민우회성폭력상담소,서울특별시 마포구 월드컵로26길 39 (성산동),서울특별시 마포구 성산동 249-10,,,14127548.37,4517380.3,노인복지관
SFT0108631,성폭력지원시설(504010),한국성폭력상담소,서울특별시 마포구 성지1길 32-42,서울특별시 마포구 합정동 366-24,,,14128098.09,4515593.925,노인복지관
SFT0108839,성폭력지원시설(504010),서울해바라기센터(아동),서울특별시 마포구 백범로 23 구프라자 7층,서울특별시 마포구 신수동 63-4,,,14130665.52,4516371.057,노인복지관
SFT0109070,성폭력지원시설(504010),(사)군인권센터 부설 군성폭력상담소,"서울특별시 마포구  신촌로14길 20, 태안빌딩 4층",서울특별시 마포구 노고산동 54-64,,,14130155.7,4516780.245,노인복지관
